Registro ANS,Razão Social,Nome Fantasia
314668,ABERTTA SAÚDE - ASSOCIAÇÃO BENEFICENTE DOS EMPREGADOS DA ARCELORMITTAL NO BRASIL,ABERTTA SAÚDE
419621,ABPLUS ADMINISTRADORA DE BENEFÍCIOS LTDA.,
424242,ABRANGE ADMINISTRADORA DE BENEFICIOS LTDA.,ABRANGE SAÚDE
418901,AD SALUTE ADMINISTRADORA DE BENEFÍCIOS LTDA,AD SALUTE
424293,ADC ADMINISTRADORA DE BENEFICIOS LTDA,
421553,ADM LIFE - ADMINISTRADORA DE BENEFÍCIOS LTDA.,ADM LIFE
416932,ADMSERV BENEFÍCIOS E SERVIÇOS LTDA,GÉIA ADMINISTRADORA DE BENEFICIOS
422347,ADRESS ADMINISTRADORA DE BENEFICIOS LTDA,ADRESS
335657,ADVANCE PLANOS DE SAÚDE LTDA,
413283,AESP ODONTO ASSISTÊNCIA ODONTOLÓGICA S/S LTDA EPP,
419907,AFFIANCE LIFE ADMINISTRADORA DE BENEFÍCIOS EM SAÚDE LTDA,AFFIANCE LIFE BENEFÍCIOS
417424,AFFIX ADMINISTRADORA DE BENEFÍCIOS LTDA,AFFIX BENEFÍCIOS
368920,AGROS - INSTITUTO UFV DE SEGURIDADE SOCIAL,
424285,AIRES OPERADORA DE SAUDE LTDA,AIRES OPERADORA DE SAUDE
417742,ALACORÔ CASF ASSOCIAÇÃO CLUBE DE BENEFICIOS PESSOAIS E EMPRESARIAIS,
416975,ALCANCE SAÚDE LTDA,ALCANCE SAÚDE
421928,ALICE OPERADORA LTDA.,ALICE
417289,ALL CARE ADMINISTRADORA DE BENEFÍCIOS SÃO PAULO LTDA,
417459,ALLCARE ADMINISTRADORA DE BENEFÍCIOS EM SAÚDE LTDA.,ALLCARE ADMINISTRADORA DE BENEFÍCIOS EM SAÚDE
515,ALLIANZ SAÚDE S/A,
423262,ALMA ODONTO OPERADORA DE PLANOS ODONTOLOGICOS LTDA,ALMA ODONTO
419982,ALPHA DENTAL PLANO DE SAUDE LTDA ME,DENTALMED
420255,ALTER ADMINISTRADORA DE BENEFICIOS S.A.,
344800,ALVORECER - ASSOCIAÇÃO DE SOCORROS MÚTUOS,ALVORECER
424234,AMAZIL ASSISTENCIA MEDICA DO BRASIL LTDA,AMAZIL
419052,AMAZÔNIA PLANOS DE SAÚDE LTDA,PLANO AMAZÔNIA SAÚDE
423351,AME VVIDA PLANOS DE SAUDE INTEGRADO LTDA.,VIVA VIDA
304531,AME-ASSISTÊNCIA MÉDICA A EMPRESAS LTDA,AME-SISTEMA DE SAÚDE 24 HORAS
413330,AMEP FREGUESIA OPERADORA DE PLANO DE SAUDE LTDA,AMEP FREGUESIA OPERADORA DE PLANOS DE SAUDE LTDA
394734,AMEPLAN ASSISTÊNCIA MÉDICA PLANEJADA LTDA,AMEPLAN ASSITENCIA MÉDICA PLANEJADA  LTDA.
321338,AMERON - ASSISTÊNCIA MÉDICA RONDÔNIA S/A.,AMERON
401081,AMESC - ASSOCIAÇÃO MÉDICA ESPÍRITA CRISTÃ,GRUPO CEMERU SAÚDE
418587,AMHA SAUDE S/A,AMHA SAUDE S/A
421731,AMHE MED ASSISTENCIA A SAUDE LTDA - EPP,AMHE MED
326305,AMIL ASSISTÊNCIA MÉDICA INTERNACIONAL S.A.,AMIL
325465,AMPARA ASSISTÊNCIA MÉDICA PARAÍSO LTDA,AMPARA
422720,AMPLA PLANOS DE SAUDE LTDA,AMPLA
423858,AMPLITUDE PLANOS DE SAUDE LTDA,VYDA SAUDE
423319,ANAFE SAUDE,ANAFE SAUDE
421871,ANGELI SISTEMAS DE SAUDE S.A.,
424366,AP ADMINISTRAÇÃO DE BENEFICIOS - SOCIEDADE SIMPLES UNIPESSOAL LIMITADA,AP ADMINISTRAÇÃO DE BENEFICIOS SOCIEDADE SIMPLES LIMITADA
400882,ÁPICE ODONTO ASSISTÊNCIA ODONTOLÓGICA LTDA,ÁPICE-ODONTO ASSISTÊNCIA ODONTOLÓGICA LTDA.
422932,APLUS ADMINISTRADORA DE BENEFICIOS LTDA,
418030,A.P.S. ADMINISTRADORA DE BENEFÍCOS LTDA.,A.P.S. SAÚDE.
421693,AQQUER - ADMINISTRADORA DE BENEFÍCIOS LTDA,AQQUER ADMINISTRADORA
416070,ARCELORMITTAL BRASIL S/A,ARCELORMITTAL BRASIL S/A
422941,ARL ADMINISTRADORA DE BENEFÍCIOS LTDA.,ARL ADMINISTRADORA DE BENEFÍCIOS
352152,ARM PLANOS ODONTOLÓGICOS LTDA.,ARM ODONTOLOGIA
424340,ARTYODONTO BRASIL  PLANO DE ASSISTÊNCIA ODONTOLÓGICA LTDA,ARTYODONTO BRASIL
417769,ASSISTE ADMINISTRADORA DE BENEFÍCIOS LTDA,ASSISTE
325236,ASSISTÊNCIA MÉDICA SÃO MIGUEL LTDA,SÃO MIGUEL SAÚDE
423912,ASSISTÊNCIA MÉDICA 12 DE OUTUBRO LTDA,
365297,ASSISTÊNCIA ODONTOLÓGICA ESPECIALIZADA LTDA,RISO PLANO ODONTOLOGICO
423432,"ASSOC DE ASSIST À SAÚDE DOS SERV DAS UNIV E INST FED, EST E/OU FAC PART EM PE",ADUFEPE SAÚDE
406554,ASSOCIAÇÃO ADVENTISTA NORTE BRASILEIRA DE PREVENÇÃO E ASSISTÊNCIA A SAÚDE,PROASA SAÚDE
411752,ASSOCIAÇÃO ASSISTENCIAL DE SAÚDE SUPLEMENTAR CRUZ AZUL SAÚDE,CRUZ AZUL SAÚDE
322326,ASSOCIAÇÃO BENEFICENTE CATÓLICA,HOSPITAL SANTA ISABEL
304131,ASSOCIAÇÃO BENEFICENTE DE ASSISTÊNCIA A SAÚDE DOS JUÍZES DO TRABALHO DA 15ª REGIÃO (ABAS 15),SAÚDE ABAS
382540,ASSOCIAÇÃO BENEFICENTE DOS PROFESSORES PÚBLICOS ATIVOS E INATIVOS DO RIO DE JANEIRO - APPAI,APPAI
409634,ASSOCIACAO CIVIL PRÓ-SAÚDE DOS SERVIDORES DA UNIVERSIDADE ESTADUAL DE PONTA GROSSA,PRO-SAUDE
417947,ASSOCIAÇÃO DA SANTA CASA SAÚDE DE RIBEIRÃO PRETO,SANTA CASA SAÚDE DE RIBEIRÃO PRETO
416690,ASSOCIAÇÃO DE ASSISTÊNCIA À SAÚDE DA AMAGIS,AMAGIS SAÚDE
416568,ASSOCIAÇÃO DE ASSISTÊNCIA À SAÚDE DOS EMPREGADOS DA COPASA,COPASS SAÚDE
417955,ASSOCIAÇÃO DE ASSISTÊNCIA MÉDICO HOSPITALAR DOS MAGISTRADOS DO ESTADO DO PARANÁ,JUDICEMED
314218,ASSOCIAÇÃO DE BENEFICÊNCIA E FILANTROPIA SÃO CRISTOVÃO,
422321,ASSOCIAÇÃO DE SAÚDE DO VALE,LEVMED SAÚDE
418731,ASSOCIAÇÃO DE SAÚDE DOS FORNECEDORES DE CANA DE PIRACICABA E REGIÃO,HFC SAÚDE
360783,ASSOCIACAO DE SAUDE HOLAMBRA,ASSOCIAÇÃO DE SAÚDE HOLAMBRA
417530,ASSOCIAÇÃO DE SAÚDE PORTUGUESA DE BENEFICÊNCIA,SAÚDE BENEFICÊNCIA
393533,ASSOCIAÇÃO DO FISCO DE ALAGOAS,
420000,ASSOCIAÇÃO DO PLANO DE SAÚDE DA SANTA CASA DE MISERICÓRDIA DE ITABUNA - PLANSUL,PLANSUL
317632,ASSOCIACAO DOS AUDITORES FISCAIS DA RECEITA ESTADUAL DE SAO PAULO,ASSOCIAÇÃO DOS AGENTES FISCAIS DE RENDAS DO EST. DE SP
387185,ASSOCIAÇÃO DOS AUDITORES FISCAIS DA RECEITA ESTADUAL DO RIO DE JANEIRO,AFRERJ
330281,ASSOCIAÇÃO DOS AUDITORES FISCAIS DO ESTADO DA PARAÍBA - AFRAFEP,AFRAFEP - SAUDE
384704,ASSOCIAÇÃO DOS EMPREGADOS DA COMPANHIA ESTADUAL DE HABITAÇÃO E OBRAS PÚBLICAS - ASSEC,ASSEC
382639,ASSOCIAÇÃO DOS FISCAIS DE TRIBUTOS ESTADUAIS DO RS - AFISVEC,AFISVEC - SAÚDE
306754,ASSOCIAÇÃO DOS FUNCIONÁRIOS DO FISCO DO ESTADO DE GOIÁS,AFFEGO-SAÚDE
388092,ASSOCIAÇÃO DOS FUNCIONÁRIOS FISCAIS DO ESTADO DO AMAZONAS - AFFEAM,AFFEAM SAÚDE
417599,ASSOCIAÇAO DOS FUNCIONARIOS PUBLICOS DO ESTADO DO RIO GRANDE DO SUL,VERTE SAUDE - AFPERGS
343129,ASSOCIACAO DOS PROFESSORES UNIVERSITÁRIOS DA BAHIA,APUB SAÚDE
420093,ASSOCIACAO DOS SERVIDORES DA EMDAGRO - ASSEM,ASSEM
335754,ASSOCIAÇÃO DOS SERVIDORES FISCAIS DO ESTADO DA BAHIA,ASFEB
309028,"ASSOCIAÇÃO DOS SERVIDORES MUNICIPAIS, ESTADUAIS E FEDERAIS DO RIO DE JANEIRO",ASSIST
419591,ASSOCIAÇÃO DOS SERVIDORES PÚBLICOS DA ADMINISTRAÇÃO DIRETA DO GOVERNO DO ESTADO DO PARÁ - ASPARÁ,ASPARÁ
342556,ASSOCIAÇÃO DR. BARTHOLOMEU TACCHINI,PLANO DE SAÚDE TACCHIMED
326755,ASSOCIAÇÃO EVANGELICA BENEFICENTE DE LONDRINA,PLANO DE SAUDE HOSPITALAR
422053,ASSOCIAÇÃO FCA SAÚDE,STELLANTIS SAUDE PE/PB
416584,ASSOCIAÇÃO FUNDO DE PROTEÇÃO À SAÚDE,FUPS
402206,ASSOCIAÇÃO GOIANA DO MINISTÉRIO PÚBLICO,AGMP
421618,ASSOCIAÇÃO HOSPITAL SAÚDE DE VARGEM GRANDE DO SUL,HOSPITAL SAÚDE
423807,ASSOCIAÇÃO HOSPITALAR MOINHOS DE VENTO,HOSPITAL MOINHOS DE VENTO
419150,ASSOCIAÇÃO MAIS SAÚDE SANTA CASA DE SÃO JOÃO DA BOA VISTA,MAIS SAÚDE SANTA CASA
417211,ASSOCIAÇÃO MINEIRA DE ASSISTÊNCIA À SAÚDE DOS MEMBROS DO MINISTÉRIO PÚBLICO,AMMP SAÚDE
420158,ASSOCIAÇÃO PADRE ALBINO SAÚDE,PADRE ALBINO SAUDE
420816,ASSOCIAÇÃO PADRE PIO PLANOS DE SAÚDE,PADRE PIO PLANOS DE SAÚDE
418617,ASSOCIAÇÃO PARANAENSE DE ASSISTÊNCIA À SAUDE DOS MEMBROS DO MINISTERIO PUBLICO DO PARANÁ,PROMED
422631,ASSOCIAÇÃO PETROBRAS DE SAÚDE - APS,
419974,ASSOCIAÇÃO PLAME DE SAÚDE,PLAMESC- PLANO MÉDICO SANTA CASA
419958,ASSOCIAÇÃO PLANO DE SAÚDE SANTA CASA DE VALINHOS,PSC SAÚDE - ASSISTÊNCIA MEDICA
409413,ASSOCIAÇÃO POLICIAL DE ASSISTÊNCIA A SAÚDE,APAS FERNANDOPOLIS
406813,ASSOCIAÇÃO POLICIAL DE ASSISTÊNCIA À SAÚDE,APAS ANDRADINA
410128,ASSOCIAÇÃO POLICIAL DE ASSISTÊNCIA À SAÚDE,APAS SAÚDE SOROCABA
406937,ASSOCIAÇÃO POLICIAL DE ASSISTÊNCIA À SAÚDE,APAS/MARILIA
409405,ASSOCIAÇÃO POLICIAL DE ASSISTÊNCIA À SAÚDE - VALE DO RIBEIRA,APAS VALE  DO RIBEIRA
423203,ASSOCIAÇÃO POLICIAL DE ASSISTÊNCIA À SAÚDE APAS,APAS ASSIS
410110,ASSOCIAÇÃO POLICIAL DE ASSISTÊNCIA A SAÚDE DA BAIXADA SANTISTA,APAS BAIXADA SANTISTA
414212,ASSOCIAÇÃO POLICIAL DE ASSISTÊNCIA À SAÚDE DE ARAÇATUBA (APAS),ASSOCIAÇÃO POLICIAL DE ASSISTÊNCIA À SAÚDE DE ARAÇATUBA
407569,ASSOCIAÇÃO POLICIAL DE ASSISTÊNCIA À SAÚDE DE BARRETOS,APAS- BARRETOS
406945,ASSOCIAÇÃO POLICIAL DE ASSISTÊNCIA À SAÚDE DE BAURU,APAS BAURU
408093,ASSOCIAÇÃO POLICIAL DE ASSISTENCIA A SAUDE DE BOTUCATU,APAS-BOTUCATU
408026,ASSOCIAÇÃO POLICIAL DE ASSISTÊNCIA À SAÚDE DE DRACENA,APAS DE DRACENA
406635,ASSOCIACAO POLICIAL DE ASSISTENCIA A SAUDE DE ITAPETININGA,APAS/ITAPETININGA
408034,ASSOCIAÇÃO POLICIAL DE ASSISTÊNCIA À SAÚDE DE JAÚ,APAS-JAU
410608,ASSOCIACAO POLICIAL DE ASSISTENCIA A SAUDE DE PRESIDENTE PRUDENTE (APAS),APAS - PRESIDENTE PRUDENTE
411248,ASSOCIAÇÃO POLICIAL DE ASSISTÊNCIA À SAÚDE DE PRESIDENTE VENCESLAU,APAS/PV
408794,ASSOCIAÇÃO POLICIAL DE ASSISTÊNCIA À SAÚDE DE RIBEIRÃO PRETO (APAS),APAS ASSOCIAÇÃO POLICIAL DE ASSISTÊNCIA A SAÚDE RIBEIRÃO PRETO
408263,ASSOCIAÇÃO POLICIAL DE ASSISTENCIA À SAUDE DE SAO JOAO DA BOA VISTA,APAS - ASSOCIAÇÃO POLICIAL DE ASSISTÊCIA À SAÚDE SJBVISTA
420786,ASSOCIAÇÃO SANTA CASA CLÍNICAS DE BIRIGUI,SANTA CASA CLÍNICAS
418803,ASSOCIAÇÃO SANTA CASA SAÚDE DE ARAÇATUBA,SANTA CASA SAÚDE DE ARAÇATUBA
419249,ASSOCIAÇÃO SANTA CASA SAÚDE DE SÃO JOSÉ DOS CAMPOS,SANTA CASA SAÚDE
418021,ASSOCIAÇÃO SANTA SAÚDE,PLANO SANTA SAÚDE
419141,ASSOCIAÇÃO SÃO FRANCISCO VIDA,SÃO FRANCISCO VIDA
421006,ASSOCIAÇÃO SÃO LUIZ SAÚDE,SÃO LUIZ SAÚDE
330892,ASSOCIAÇÃO SAÚDE CONCEIÇÃO,SAÚDE CONCEIÇÃO
418218,ASSOCIAÇÃO SAÚDE RURAL ALEGRETE,SAÚDE RURAL
418919,ASSOCIAÇÃO SAÚDE SÃO JOSÉ,SAÚDE SÃO JOSÉ
417220,ASSOCIAÇÃO SERVIÇOS ODONTOLÓGICOS DA INDÚSTRIA DE MINAS GERAIS - ODONTOINDUSTRIA,ODONTOINDUSTRIA
333867,ASSOCIAÇAO UNISAUDE MARAU,UNISAÚDE
420123,ASSOCIAÇÃO UNIVIDA SANTA RITA DO PASSA QUATRO,ASSOCIAÇÃO UNIVIDA
412635,ASSOCIAÇÃO VALEPARAIBANA DE ASSISTÊNCIA MÉDICA POLICIAL,AVAMP
420794,ASSOREL BRASIL ADMINISTRADORA DE BENEFICIOS LTDA - EPP,ASSOREL BRASIL
336874,ATEMDE ODONTO SAÚDE CLUBE DE BENEFÍCIOS,ATEMDE ODONTO
424528,ATIMED ASSISTENCIA MEDICA LTDA,ATICARE SAUDE
422151,ATITUDE SAÚDE ASSISTÊNCIA MEDICA LTDA,ATITUDE SAÚDE
320510,ATÍVIA SERVIÇOS DE SAÚDE S/A,
423629,AURORA SAÚDE LTDA,AURORA SAÚDE
327417,AUSTACLINICAS ASSISTÊNCIA MÉDICA E HOSPITALAR LTDA,AUSTACLINICAS
423734,AVANT ADMINISTRADORA DE BENEFICIOS LTDA,AVANT
424005,AVANTI ADMINISTRADORA DE BENEFÍCIOS EM SAÚDE LTDA EPP,AVANTI VIDA E SAÚDE
418013,BACCS ADMINISTRADORA DE BENEFÍCIOS LTDA,BACCS
422991,BAUEN LIFE LTDA.,BAUEN LIFE
419257,BCI ADMINISTRADORA DE BENEFÍCIOS LTDA.,BCI ADMINISTRADORA DE BENEFÍCIOS
419125,BEDOIS SERVIÇOS DE ADMINISTRAÇÃO DE BENEFÍCIOS LTDA.,BEDOIS SERVIÇOS DE ADMINISTRAÇÃO DE BENEFÍCIOS LTDA.
421332,BEM ADMINISTRADORAS LTDA,
420697,BEM ESTAR ADMINISTRADORA DE BENEFÍCIOS LTDA,
417874,BEM MAIS ODONTO OPERADORA ODONTOLÓGICA LTDA.,BEM MAIS ODONTO OPERADORA ODONTOLÓGICA LTDA.
423181,BEMSTAR ASSISTENCIA MEDICA LTDA,BEMSTAR
318299,BENEFICENCIA CAMILIANA DO SUL,PLANO DE SAÚDE SÃO CAMILO
421189,BENEFICENCIA SOCIAL BOM SAMARITANO,HOSPITAL BOM SAMARITANO
419869,BENEFIT ADMINISTRADORA DE BENEFÍCIOS LTDA.,
423891,BENEFIT BENEFICIOS LTDA,******
423467,BENET ADMINISTRAÇÃO DE BENEFÍCIOS LTDA,BENET ADMINISTRAÇÃO DE BENEFÍCIOS
421324,BENEVITAE ADMINISTRADORA DE BENEFÍCIOS LTDA,BENEVITAE
417718,BENEVIX ADMINISTRADORA DE BENEFÍCIOS LTDA,BENEVIX ADMINISTRADORA
366561,BENSAUDE PLANO DE ASSISTENCIA MEDICA HOSPITALAR LTDA.,BENSAUDE PLANO DE ASSISTENCIA MEDICA HOSPITALAR  LTDA
420042,BEST LIFE ASSESSORIA NA GESTÃO E ADMINISTRADORA DE BENEFÍCIOS LTDA,BEST LIFE BENEFÍCIOS
421766,BEST SENIOR OPERADORA DE SAÚDE LTDA,BEST SAÚDE
402966,BIO SAÚDE SERVIÇOS MÉDICOS LTDA,HAPVIDA NOTREDAME SAO PAULO
419079,BIORAL SISTEMA ODONTOLÓGICO LTDA.,BIORAL PLANOS DE SAÚDE LTDA
415111,BIOVIDA SAÚDE LTDA.,BIOVIDA SAÚDE
422401,BIT LIFE BENEFÍCIOS LTDA,BIT LIFE
424552,BKR SAÚDE ADMINISTRADORA DE BENEFÍCIOS LTDA,BKR SAÚDE ADMINISTRADORA DE BENEFÍCIOS
423998,BLUE UNION SAUDE ADMINISTRADORA DE BENEFICIOS LTDA,BLUE UNION SAUDE ADMINISTRADORA DE BENEFICIOS
424170,BLUZZ SAÚDE S/A,
424218,BOA SAUDE ADMNISTRADORA DE BENEFICIOS DE SAUDE LTDA,BOA SAUDE
421715,BRADESCO SAÚDE - OPERADORA DE PLANOS  S/A,
5711,BRADESCO SAÚDE S.A.,BRADESCO SAUDE S.A.
421561,BRASIL ODONTO OPERADORA DE PLANOS ODONTOLÓGICOS LTDA,BRASIL ODONTO PLANO DE SAUDE
419419,BRASILDENTAL OPERADORA DE PLANOS ODONTOLÓGICOS S.A.,
419613,BRAZIL DENTAL OPERADORA DE PLANOS ODONTOLÓGICOS LTDA,BRAZIL DENTAL
417238,BRF S/A,BRF - BRASIL FOODS S/A
424536,BRS ADMINISTRADORA DE SAUDE LTDA,BRS SAUDE
423530,BWG ADMINISTRADORA DE BENEFICIOS LTDA.,
415774,CABERJ INTEGRAL SAÚDE S.A,
424021,CACSS ADMINISTRADORA DE BENEFICIOS LTDA,
416657,CAIXA ASSISTENCIAL DOS AUDITORES FISCAIS DA RECEITA FEDERAL DO BRASIL,CAARF
327557,CAIXA ASSISTENCIAL E BENEFICENTE DOS FUNCIONÁRIOS DA ACARESC,CASACARESC
347825,CAIXA ASSISTENCIAL UNIVERSITARIA DO RIO DE JANEIRO,CAURJ
314251,CAIXA ASSISTENCIAL UNIVERSITÁRIA DO RIO GRANDE DO NORTE,CAURN
352331,CAIXA BENEFICENTE DOS FUNCIONARIOS DO BANCO DO ESTADO DE SÃO PAULO,CABESP
414026,CAIXA BENEFICENTE DOS FUNCIONÁRIOS DO GRUPO IGUAÇU,CABEFI
324361,CAIXA DE ASSISTÊNCIA À SAÚDE - CABERJ,
316873,CAIXA DE ASSISTENCIA A SAUDE DA UNIVERSIDADE,CASU/UFMG
417661,CAIXA DE ASSISTÊNCIA À SAÚDE DO SINDICATO DOS FUNCIONÁRIOS INTEGRANTES DO GRUPO OCUPACIONAL ADMINISTRAÇÃO TRIBUTÁRIA DO ESTADO DE PERNAMBUCO,FISCO SAÚDE-PE
412295,CAIXA DE ASSISTÊNCIA À SAUDE DOS EMPREGADOS DA CODEVASF - CASEC,CASEC
421341,CAIXA DE ASSISTÊNCIA À SAÚDE DOS SERVIDORES PÚBLICOS DO ESTADO DO MATO GROSSO DO SUL,UNISAÚDEMS
419851,"CAIXA DE ASSISTÊNCIA À SAÚDE DOS TRABALHADORES NAS INDÚSTRIAS METALÚRGICAS, MECÂNICAS E DO MATERIAL ELÉTRICO DE BRUSQUE",SINTIMMMEB SAÚDE
418820,CAIXA DE ASSISTÊNCIA AOS MEMBROS DA DEFENSORIA PÚBLICA DO ESTADO DO RIO DE JANEIRO,CAMARJ
413518,CAIXA DE ASSISTÊNCIA DO SINDFISCO - CASSIND,CASSIND
416401,CAIXA DE ASSISTÊNCIA DOS EMPREGADOS DA EMPRESA BRASILEIRA DE PESQUISA  AGROPECUÁRIA,CASEMBRAPA
363855,CAIXA DE ASSISTÊNCIA DOS EMPREGADOS DA SANEAGO,CAESAN
307319,CAIXA DE ASSISTÊNCIA DOS EMPREGADOS DO BANCO DO ESTADO DO RIO GRANDE DO SUL,CABERGS
315583,CAIXA DE ASSISTÊNCIA DOS EMPREGADOS DO BANEB,CASSEB
335789,CAIXA DE ASSISTÊNCIA DOS EMPREGADOS DO BANESE,CASSE
344184,CAIXA DE ASSISTÊNCIA DOS EMPREGADOS DO SETOR PÚBLICO DO ESTADO DE GOIÁS - CAEME,CAEME
343331,CAIXA DE ASSISTÊNCIA DOS EMPREGADOS DO SISTEMA FINANCEIRO BANESTES,BANESCAIXA
358754,CAIXA DE ASSISTÊNCIA DOS FUNCIONÁRIOS DO BANCO DA AMAZÔNIA - CASF,
346659,CAIXA DE ASSISTÊNCIA DOS FUNCIONÁRIOS DO BANCO DO BRASIL,CASSI
385697,CAIXA DE ASSISTÊNCIA DOS FUNCIONÁRIOS DO BANCO DO NORDESTE DO BRASIL,CAMED SAÚDE
302627,CAIXA DE ASSISTÊNCIA DOS MAGISTRADOS DE PERNAMBUCO,CAIXA DE ASSISTÊNCIA DOS MAGISTRADOS DE PERNAMBUCO
413534,CAIXA DE ASSISTENCIA DOS SERVIDORES DO ESTADO DE MATO GROSSO DO SUL,CASSEMS
359122,CAIXA DE ASSISTÊNCIA DOS SERVIDORES FAZENDÁRIOS ESTADUAIS,CAFAZ
417548,CAIXA DE ASSISTÊNCIA OSWALDO CRUZ,FIOSAÚDE
320820,CAIXA DE ASSISTÊNCIA SISTEMA SAÚDE INTEGRAL-SSI SAUDE,SSI SAÚDE
324477,CAIXA DE PREVIDÊNCIA E ASSISTÊNCIA DOS SERVIDORES DA FUNDAÇÃO NACIONAL DE SAÚDE - CAPESESP,CAPESESP
312924,CAIXA ECONÔMICA FEDERAL,CAIXA
418072,CAIXA SEGURADORA ESPECIALIZADA EM SAÚDE S/A,CAIXA SEGURADORA SAÚDE
418072,CAIXA SEGURADORA ESPECIALIZADA EM SAÚDE S/A,CAIXA SEGURADORA SAÚDE
319872,CAMIM OPERADORA DE PLANO DE SAÚDE LTDA,CAMIM
417785,CAMPEÃ ADMINISTRADORA DE BENEFÍCIOS LTDA.,
419265,CAPITAL ADMINISTRADORA DE BENEFÍCIOS LTDA.,CAPITAL ADMINISTRADORA DE BENEFÍCIOS
379956,CARE PLUS MEDICINA ASSISTENCIAL LTDA.,CARE PLUS MEDICINA ASSISTENCIAL LTDA.
389358,CARE PLUS ODONTOLOGIA ASSISTENCIAL LTDA.,INPAO DENTAL
422304,CARING SAÚDE ASSISTÊNCIA MÉDICA LTDA.,
327328,CASA DE SAÚDE NOSSA SENHORA DE FÁTIMA  LTDA.,CASA DE SAÚDE NOSSA SENHORA DE FÁTIMA .
417165,CASE - CENTRAL DE ADMINISTRAÇÃO DE PLANO DE SAÚDE LTDA,CASE SAÚDE
423637,CASUFES SAÚDE ADMINISTRADORA DE BENEFÍCIOS,CASUFES SAÚDE
415952,CDA - ASSISTÊNCIA ODONTOLÓGICA LTDA - EPP,CDA ASSISTENCIA ODONTOLOGICA LTDA-EPP
311472,CEAM BRASIL - PLANOS DE SAÚDE LTDA,CEAM BRASIL
418749,CEDPLAN SAÚDE LTDA EPP,
339270,CELULOSE NIPO-BRASILEIRA S/A - CENIBRA,CENIBRA
417505,CEMIG SAÚDE,CEMIG SAÚDE
422436,CENIBRA LOGÍSTICA LTDA,CENIBRA LOG
417092,CENTRAL OPERADORA DE PLANOS DE SAÚDE NORTE-NORDESTE LTDA,
386596,CENTRAL REGIONAL DAS COOPERATIVAS MÉDICAS - UNIMED CERRADO,UNIMED CERRADO
392804,CENTRO CLÍNICO GAÚCHO LTDA,HAPVIDA RIO GRANDE DO SUL
415910,CENTRO DE ENDOCRINOLOGIA DE JUNDIAÍ S/S LTDA,IDEAL VIDA E SAUDE
350699,CENTRO HOSPITALAR ATIBAIA LTDA.,CLIMED
314757,CENTRO ODONTOLOGICO INTEGRADO LTDA,INTERDENTAL
303623,CENTRO TRASMONTANO DE SAO PAULO,CENTRO TRASMONTANO DE SAO PAULO
401871,CEORP - CENTRO ODONTOLOGICO LTDA,CEORP
324892,CETESB - COMPANHIA AMBIENTAL DO ESTADO DE SÃO PAULO,CETESB
310247,CIRCULO OPERARIO CAXIENSE,CIRCULO OPERARIO CAXIENSE
423963,CLARO S.A,CLARO
419435,CLASSE ADMINISTRADORA DE BENEFÍCIOS LTDA - ME,CLASSE ADMINISTRADORA
423327,CLICSAUDE ADMINISTRADORA DE BENEFICIOS LTDA,CLICSAUDE ADMINISTRADORA DE BENEFICIOS
410071,CLINICA ODONTOLOGICA ODONTOPLAN LTDA,ODONTOPLAN
415944,CLÍNICA SÃO GABRIEL S/S LTDA,
340782,CLINIPAM CLINICA PARANAENSE DE ASSISTENCIA MEDICA LTDA,HAPVIDA CLINIPAM PARANA
417891,"CLUBE DE BENEFICIOS PARA COOP., ASS., CONS., SIND. E SEGUROS - CBCACSS",
422461,CLUBE SILVER ADMINISTRADORA DE PLANOS DE SAUDE LTDA,AMESAÚDE
419796,COMPANHIA DAS DOCAS DO ESTADO DA BAHIA - CODEBA,CODEBA
330051,COMPANHIA DE ENGENHARIA DE TRAFEGO - CET,
416509,COMPANHIA DOCAS DO ESPIRITO SANTO - CODESA,CODESA
392405,COMPANHIA ESPIRITO SANTENSE DE SANEAMENTO,CESAN
334189,COMPANHIA NACIONAL DE ABASTECIMENTO - CONAB,COMPANHIA NACIONAL DE ABASTECIMENTO - C0NAB
420247,COMPAR ADMINISTRADORA DE BENEFICIOS LTDA - ME,COMPAR ADMINISTRADORA DE BENEFICIOS
390259,COMSEDER - COOPERATIVA DE ASSISTÊNCIA MÉDICA DOS SERVIDORES DA SUPLAN E DO DER LTDA,COMSEDER
424579,CONECTA ADMINISTRADORA DE BENEFICIOS LTDA,CONECTA BEM
423220,CONECTAPLAN ADMINISTRADORA DE BENEFÍCIOS LTDA,CONECTAPLAN BENEFÍCIOS
321931,CONFERÊNCIA SÃO JOSÉ DO AVAÍ,HOSPITAL SÃO JOSÉ DO AVAÍ
410624,CONFIANÇA ASSISTÊNCIA MÉDICO HOSPITALAR LTDA,CONFIANÇA SAÚDE
405931,CONSTRUDENTE ASSISTENCIA ODONTOLOGICA LTDA,CONSTRUDENTE
418323,CONTEM ADMINISTRADORA DE PLANOS DE SAÚDE LTDA.,CONTEM ADMINISTRADORA DE BENEFICIOS
367087,COOPERATIVA CENTRAL UNIMED DE COOPERATIVAS DE ASSISTÊNCIA À SAÚDE DO RIO GRANDE DO SUL LTDA.,UNIMED RIO GRANDE DO SUL
353477,COOPERATIVA DE ASSISTÊNCIA ODONTOLÓGICA VALE DO CAÍ LTDA - DENTSUL,DENTSUL
418242,COOPERATIVA DE SAÚDE ODONTOLÓGICA - UNIODONTO RORAIMA,UNIODONTO DE RORAIMA
313084,COOPERATIVA DE TRABALHO MEDICO DE ARAGUAÍNA - UNIMED ARAGUAÍNA,UNIMED DE ARAGUAINA
337188,COOPERATIVA DE TRABALHO MÉDICO DE POUSO ALEGRE,UNIMED SUL MINEIRA
317012,COOPERATIVA DE TRABALHO MÉDICO DO PLANALTO NORTE DE SANTA CATARINA LTDA,UNIMED PLANALTO NORTE
318213,COOPERATIVA DE TRABALHO MEDICO REGIÃO DO PLANALTO SERRANO,UNIMED LAGES
419028,COOPERATIVA DE TRABALHO ODONTOLOGICO - UNIODONTO ITAJUBÁ,
359459,COOPERATIVA DOS CIRURGIÕES DENTISTAS DO ESTADO DE SERGIPE,COOPERDONTO
404241,COOPERATIVA DOS USUÁRIOS DE SERVIÇOS DE SAÚDE DO VALE DO RIO DOS SINOS LTDA,COOPERSINOS LTDA
406805,COOPERATIVA DOS USUÁRIOS DE SERVIÇOS DE SAÚDE LTDA.,COOPUSAÚDE
400572,COOPERATIVA EVIDENTE - COOPERATIVA DE TRABALHO ODONTOLÓGICA DE BOTUCATU,EVIDENTE
342335,COOPERATIVA ODONTOLÓGICA DE GARANHUNS E AGRESTE MERIDIONAL.,UNIODONTO GARANHUNS
365785,COOPERATIVA ODONTOLÓGICA DO ESTADO DO AMAPÁ,UNIODONTO AMAPÁ
409791,COOPERATIVA ODONTOLÓGICA POÇOS DE CALDAS,UNIODONTO POÇOS DE CALDAS
402010,COOPERATIVA ODONTOLÓGICA REGIÃO SUL DA BAHIA - UNIODONTO,UNIODONTO ITABUNA
353892,COOPERCISO - CENTRO INTEGRADO DE SERVIÇO ODONTOLÓGICO S/S LTDA.,COOPERCISO
407241,COOP-ODONTOCLASSIC - COOPERATIVA DE TRABALHO ODONTOLÓGICO,ODONTOCLASSIC
418757,CORPLIFE ADMINISTRADORA DE BENEFÍCIOS LTDA,CORPLIFE ADMINISTRADORA DE BENEFÍCIOS LTDA
418960,CORPORE ADMINISTRADORA DE BENEFICIOS DA SAUDE LTDA,
368181,CROE - CENTRO DE REABILITACAO ORAL ESPECIALIZADO LTDA,CROE-CENTRO DE REABILITAÇAO ORAL ESPECIALIZADO LTDA
397245,CROWN ODONTOLOGIA DE GRUPO LTDA,CROWN ODONTOLOGIA DE GRUPO LTDA
421952,CRZ PLANO ODONTOLÓGICO LTDA,CRUZ DENTAL
422045,CTESK ADMINISTRADORA DE BENEFIÍCIOS LTDA,CTESK ADMINISTRADORA DE BENEFIÍCIOS
416118,DANA INDUSTRIAS LTDA.,
421081,DELFHI PLANOS ODONTOLÓGICOS LTDA,DELFHI ODONTO
420239,DENTAL CARE ASSISTÊNCIA ODONTOLÓGICA LTDA,DENTAL CARE
386219,DENTAL CARE CLINICA ODONTOLOGICA LTDA,ODONTOLOGICA
339458,DENTAL CENTER LTDA,DENTAL CENTER LTDA
300730,DENTAL GOLD ASSISTÊNCIA ODONTOLÓGICA LTDA.,DENTAL GOLD
413747,DENTAL MASTER LTDA - EPP,DENTAL MASTER
314366,DENTAL PLUS CONVÊNIO ODONTOLÓGICO LTDA.,DENTAL PLUS CONVÊNIO ODONTOLÓGICO
304484,DENTAL UNI - COOPERATIVA ODONTOLÓGICA,DENTAL UNI
423050,DENTAL WHITE PLANO DE ASSISTÊNCIA ODONTOLÓGICA LTDA,DENTAL WHITE
401463,DENTALMASTER COMÉRCIO DE PLANOS ODONTOLÓGICOS LTDA,DENTALMASTER
422975,DENTALMASTER LTDA,DENTALMASTER
333620,DENTAL-MED ASSISTENCIA ODONTOLOGICA S/S LTDA,ORALMED ASSISTENCIA ODONTOLOGICA
322890,DENTALPAR ASSISTÊNCIA ODONTOLÓGICA EMPRESARIAL LTDA.,DENTALPAR
416908,DENTALPLAN PLANOS DE ASSISTENCIA ODONTOLOGICA LTDA,DENTALPLAN VALE DO SÃO FRANCISCO
327867,DENTIÇÃO CONVÊNIOS ODONTOLÓGICOS LTDA,DENTALPREV
414425,DENTSY ODONTOLOGIA S/S LTDA.,DENTSY ODONTOLOGIA
357669,DESBAN - FUNDAÇÃO BDMG DE SEGURIDADE SOCIAL,DESBAN
423271,DIXMED ADMINISTRADORA DE BENEFICIOS LTDA,DIXMED
349682,DOCTOR CLIN OPERADORA DE PLANOS DE SAÚDE LTDA.,DOCTOR CLIN
365645,DONA SAÚDE CLINICAS LTDA,DONA SAÚDE.
423653,DR DIA PLANOS ODONTOLOGICOS E SAUDE LTDA,DR DIA PLANOS ODONTOLOGICOS E SAUDE LTDA
418927,EASY SAUDE ADMINISTRADORA DE BENEFICIOS LTDA,
421120,EASYPLAN ADMINISTRADORA DE BENEFICIOS LTDA.,EASYPLAN ADMINISTRADORA
342611,ECONOMUS INSTITUTO DE SEGURIDADE SOCIAL,
417343,ECS ADMINISTRADORA DE BENEFICIOS LTDA,
423521,EGRÉGORA  ADMINISTRADORA DE BENEFICIOS S/A,EGRÉGORA  ADMINISTRADORA DE BENEFICIOS S/A
422070,ELETROS SAÚDE - ASSOCIAÇÃO DE ASSISTÊNCIA À SAÚDE,ELETROS-SAÚDE
424544,ELITE SAUDE SERVICOS MEDICOS LTDA.,ELITE SAUDE
417297,ELOSAÚDE - ASSOCIAÇÃO DE ASSISTÊNCIA À SAÚDE,ELOSAÚDE
400891,EMPRESA BRASILEIRA DE INFRA-ESTRUTURA AEROPORTUÁRIA,INFRAERO
395480,ESMALE ASSISTENCIA INTERNACIONAL DE SAUDE LTDA.,SMILE
422576,ESPLENDOR ADMINISTRADORA DE BENEFÍCIOS LTDA.,ESPLENDOR ADMINISTRADORA DE BENEFÍCIOS
417441,EV ADMINISTRADORA DE BENEFÍCIOS LTDA,
401480,EVANGELICO SAUDE LTDA.,MEDSUL SAUDE
423700,EVO SAUDE ASSISTENCIA MEDICA LTDA,EVO SAÚDE
423785,EVOLUÇÃO ADMINISTRADORA DE BENEFICIOS LTDA,AFFIANCE
421642,EXCELÊNCIA PLANO DE SAÚDE S/A,MERIDIONAL SAÚDE
424471,EXCLUSIVO ODONTO ASSISTENCIA ODONTOLOGICA LTDA,EXCLUSIVO ODONTO
416282,E.X.M BRASIL SAÚDE LTDA,AMEX SAÚDE
414204,EXTRAMED ADMINISTRAÇÃO E SERVIÇOS MÉDICOS LTDA,EXTRAMED
423777,FEBRAFITE SAUDE,FEBRAFITE SAUDE
415626,FEDERAÇÃO DAS COOP ODONTOLÓGICAS DO ESTADO DE SANTA CATARINA,UNIODONTO CATARINENSE
313971,"FEDERAÇÃO DAS SOCIEDADES COOPERATIVAS DE TRABALHO MÉDICO DO ACRE, AMAPÁ, AMAZONAS, PARÁ, RONDONIA E RORAIMA",FAMA
423581,FEDERAL ADMINISTRADORA DE BENEFICIOS LTDA,FEDERAL ADMINISTRADORA DE BENEFICIOS
410888,FILOSANITAS SAUDE LTDA,SANTA FILOMENA SAUDE
421847,FOCO ADMINISTRADORA DE BENEFICIOS LTDA,
423921,FOX SAÚDE ASSISTÊNCIA MÉDICA INTEGRADA LTDA,FOX SAÚDE
419818,FR PLANO ODONTOLÓGICO LTDA,LODONTO ESPAÇO DO SORRISO
370592,FUNASA SAÚDE,FUNASA SAÚDE
315567,FUNDAÇÃO AFFEMG DE ASSISTÊNCIA E SAÚDE - FUNDAFFEMG,FUNDAFFEMG
346926,FUNDAÇÃO ASSISTENCIAL DOS SERVIDORES DO MINISTÉRIO DA FAZENDA,FUNDAÇÃO ASSEFAZ
329665,FUNDACAO CAPITAL PREVIDENCIA E SAUDE - CAPITAL PREV,CAPITAL PREV - FUNDACAO CAPITAL PREVIDENCIA E SAUDE
315044,FUNDAÇÃO CELESC DE SEGURIDADE SOCIAL - CELOS,FUNDAÇÃO CELESC
315478,FUNDAÇÃO CESP,VIVEST
317233,FUNDAÇÃO CHESF DE ASSISTÊNCIA E SEGURIDADE SOCIAL,FACHESF
307751,FUNDAÇAO COMPESA DE PREVIDENCIA E ASSISTENCIA - COMPESAPREV,COMPESAPREV
355151,FUNDAÇÃO COPEL DE PREVIDÊNCIA E ASSISTÊNCIA SOCIAL,FUNDAÇÃO COPEL
420701,FUNDAÇÃO DE ASSISTÊNCIA À SAÚDE DA ASSOCIAÇÃO DO MINISTÉRIO PÚBLICO DO RIO GRANDE DO SUL,FAS/AMP/RS
339636,FUNDAÇÃO DE ASSISTÊNCIA E PREVIDÊNCIA SOCIAL DO BNDES,FUNDAÇÃO DE ASSISTÊNCIA E PREVIDÊNCIA SOCIAL DO BNDES
311359,FUNDAÇÃO DE SAÚDE ITAIGUAPY,HOSPITAL ITAMED
330809,FUNDAÇÃO DE SEGURIDADE SOCIAL DA ARCELORMITTAL BRASIL - FUNSSEST,FUNSSEST
418285,FUNDAÇÃO FIAT SAÚDE E BEM ESTAR,STELLANTIS SAUDE MG
323942,FUNDAÇÃO FILANTRÓPICA E BENEFICENTE DE SAÚDE ARNALDO GAVAZZA FILHO,HOSPITAL ARNALDO GAVAZZA FILHO
410292,FUNDACAO LEONOR DE BARROS CAMARGO,FUNDACAO LEONOR DE BARROS CAMARGO
378216,FUNDAÇÃO LIBERTAS DE SEGURIDADE SOCIAL,FUNDAÇÃO LIBERTAS
418501,FUNDAÇÃO PLAMHUV - PLANO MÉDICO HOSPITALAR DOS HOSPITAIS UNIDOS DE VIÇOSA,PLAMHUV
338648,FUNDAÇÃO SANEPAR DE ASSISTÊNCIA SOCIAL,FUNDAÇÃO SANEPAR DE ASSISTÊNCIA SOCIAL
339954,FUNDAÇÃO SÃO FRANCISCO XAVIER,HOSPITAL MÁRCIO CUNHA
312126,FUNDAÇÃO SAÚDE ITAÚ,FUNDAÇÃO SAÚDE ITAÚ
414689,FUNDO DE ASSISTÊNCIA À SAÚDE DOS FUNCIONÁRIOS DO BEC,FAMED
418129,FUNDO DE ASSISTÊNCIA MÉDICO-HOSPITALAR DO MINISTÉRIO PÚBLICO,FAMEH/MP
409286,G & M ASSESSORIA MEDICA EMPRESARIAL LTDA - EPP,LIFE LAGOS SAUDE
407011,GAMA SAUDE LTDA.,GAMA SAUDE LTDA.
343064,GARANTIA DE SAÚDE LTDA,GARANTIA DE SAÚDE
419931,GEAC - GERENCIAMENTO EMPRESARIAL LTDA,
323080,GEAP AUTOGESTÃO EM SAÚDE,GEAP
423076,GESTÃO ADMINISTRADORA DE PLANOS DE SAUDE LTDA,
424226,GESTAO VIDA ADMINISTRADORA DE BENEFICIOS LTDA.,
416819,GKN DO BRASIL LTDA,
422258,GLOBAL-AL ADMINISTRADORA DE BENEFÍCIOS LTDA,GLOBAL ADMINISTRADORA DE BENEFÍCIOS LTDA
422681,GOCARE PLANOS DE SAUDE LTDA,
423726,GOLD PLAN EMPREENDIMENTOS LTDA,GOLD PLAN.
309222,GRUPO HOSPITALAR DO RIO DE JANEIRO LTDA,ASSIM SAÚDE
413160,GS PLANO GLOBAL DE SAÚDE LTDA,GS
419443,G2C ADMINISTRADORA DE BENEFICIOS LTDA - ME,
368253,HAPVIDA ASSISTENCIA MEDICA S.A.,HAPVIDA
350249,H.B. SAÚDE S/A.,HAPVIDA SAO JOSE DO RIO PRETO
414352,HBC SAÚDE LTDA.,HBC SAÚDE
417611,HEALTH ADMINISTRADORA DE BENEFICIOS LTDA,
421723,HEALTH-MED SISTEMA DE SAUDE LTDA,HEALTH-MED
419303,HEBROM ADMINISTRADORA DE BENEFICIOS LTDA. - ME,
423670,HES PLANO DE SAUDE LTDA,
424137,HOME ADMINISTRADORA DE BENEFÍCIOS LTDA,HOME BENEFICIOS
416398,HOSPITAIS E CLÍNICAS DO PIAUÍ S/S LTDA,INTERMED
314706,HOSPITAL CESAR LEITE,HOSPITAL CESAR LEITE
420930,HOSPITAL DE CARIDADE SÃO VICENTE DE PAULO,HOSPITAL DE CARIDADE SÃO VICENTE DE PAULO
424391,HOSPITAL DE CLÍNICAS DE PASSO FUNDO,HC HCPF
341941,HOSPITAL DE PRONTOCLINICA LTDA.,HOSPITAL DE PRONTOCLINICA LTDA.
421626,HOSPITAL MATER DEI SA,
424129,HOSPITAL MATERNIDADE SÃO VICENTE DE PAULO,HOSPITAL MATERNIDADE SÃO VICENTE DE PAULO
363189,HOSPITAL S.P. LTDA.,PRONTOCLÍNICA
342955,HSMED SAUDE LTDA,HSMED SAÚDE
423343,HUB HEALTH ADMINISTRADORA DE BENEFICIOS LTDA,HUB HEALTH
348180,HUMANA SAÚDE LTDA.,HUMANA SAÚDE
357511,HUMANA SAÚDE NORDESTE LTDA.,HUMANA SAUDE
423122,H2U ADMINISTRADORA DE BENEFICIOS LTDA.,H2U ADMINISTRADORA
417050,IBBCA 2008 GESTÃO EM SAÚDE LTDA,IBBCA GESTÃO
423840,IDEAL ADMINISTRADORA DE BENEFICIOS LTDA,IDEALL SOLUÇÕES EM SAUDE E VIDA
414921,IDEAL ODONTO ASSISTÊNCIA ODONTOLÓGICA LTDA.,
420751,IDEAL SAÚDE ASSISTÊNCIA MÉDICA AMBULATORIAL LTDA,IDEAL SAÚDE
414557,IDENTAL ASSISTÊNCIA ODONTOLÓGICA LTDA - ME,IDENTAL
424277,IMPERIUM OPERADORA DE PLANOS DE SAUDE S/A,
421812,IMPETU ADMINISTRADORA DE BENEFICIOS LTDA,
418277,INDEPENDENCIA ADMINISTRADORA DE BENEFICIOS LTDA,INDEPENDENCIA ADMINISTRADORA DE BENEFICIOS LTDA
329282,INDUSTRIAS NUCLEARES DO BRASIL S/A - INB,INDUSTRIAS NUCLEARES DO BRASIL S/A - INB
423564,INFINITY SAÚDE SUPLEMENTAR LTDA,INFINITY
423572,INNOVA PLANO DE SAUDE LTDA,INNOVA PLANO DE SAUDE
420301,INOVA ADMINISTRADORA DE BENEFÍCIOS LTDA ME,HUBCARE ADMNISTRADORA DE BENEFÍCIOS
419427,INSTITUIÇÃO BENEFICENTE CEL MASSOT - IBCM,IBCM
419010,INSTITUTO CURITIBA DE SAÚDE,INSTITUTO CURITIBA DE SAÚDE - ICS
414981,INSTITUTO DE ODONTOLOGIA DO MARANHÃO LTDA.,IOMA
415260,INSTITUTO DE SAÚDE ODONTOLÓGICA - ISODONT LTDA,ISODONT
424439,INTEGRA ADMINISTRADORA DE BENEFICIOS LTDA,INTEGRA ADMINISTRADORA DE BENEFICIOS
423173,INTEGRA ASSISTENCIA MEDICA SA,BLUE COMPANY
424561,INTEGRA PLANOS DE SAÚDE LTDA,INTEGRA PLANOS DE SAÚDE
418340,INTEGRAL CONVÊNIO ODONTOLÓGICO LTDA.,INTEGRAL CONVÊNIO ODONTOLÓGICO
359394,INTEGRAL SERVIÇOS ODONTOLÓGICOS LTDA.,INTEGRAL CONVÊNIO ODONTOLÓGICO LTDA.
423939,INTEGRALCARE PLANOS DE SAUDE LTDA,INTEGRALCARE PLANOS DE SAUDE
417998,INTERBRASIL ADMINISTRADORA DE BENEFICIOS  DE SAUDE LTDA,INTERBRASIL SAÚDE
420841,INTERCLINICAS PLANO VIDA USA OPERADORA DE SAUDE LTDA,
312282,INTERMEDICI PIRACICABA ASSISTENCIA MEDICA LTDA,INTERMEDICI PIRACICABA
421375,INTERVIDA ADMINISTRADORA DE BENEFÍCIOS LTDA,
423424,IPRESB - INSTITUTO DE PREVENÇÃO EM SAÚDE BUCAL LTDA,IPRESB
319422,IRMANDADE DA SANTA CASA DE MISERICORDIA DE LIMEIRA,FREI GALVÃO SAÚDE
333875,IRMANDADE DA SANTA CASA DE MISERICÓRDIA DE PASSOS,SANTA CASA DE MISERICÓRDIA DE PASSOS
354562,IRMANDADE DA SANTA CASA DE MISERICÓRDIA DE PIRACICABA,SANTA CASA SAÚDE
347655,IRMANDADE DA SANTA CASA DE MISERICÓRDIA DE RIO CLARO,
321320,IRMANDADE DA SANTA CASA DE MISERICÓRDIA E MATERNIDADE DONA ZILDA SALVAGNI,IRM.DA STA.CASA DE MIS.E MAT. DONA ZILDA SALVAGNI
329355,IRMANDADE DE MISERICORDIA DE PORTO FERREIRA,HOSPITAL DONA BALBINA
333808,IRMANDADE DE MISERICÓRDIA DO HOSPITAL DA SANTA CASA DE MONTE ALTO,SISTEMA VIDA DE SAÚDE
336831,IRMANDADE SANTA CASA DE MISERICÓRDIA DE MARINGÁ,SANTA CASA SAUDE
366234,ITAIPU BINACIONAL,ITAIPU BINACIONAL
884,ITAUSEG SAÚDE S.A.,ITAUSEG SAÚDE
423211,J&L ADMINISTRADORA DE BENEFICIOS E SOL EM SAUDE LTDA,
422029,KLINI PLANOS DE SAÚDE LTDA,KLINI
424323,LAGO SAUDE ADMINISTRADORA DE BENEFICIOS LTDA,LAGO SAUDE
419095,LANCERS ADMINISTRADORA DE BENEFÍCIOS DE SAÚDE LTDA.,
424358,LD RODRIGUES LTDA,ODONTO MAIS
364592,LEADER ASSISTÊNCIA MÉDICA E HOSPITALAR LTDA.,NEW SAÚDE LEADER
422339,LEVE SAUDE OPERADORA DE PLANOS DE SAUDE S.A,LEVE SAUDE
418706,LEXUS ADMINISTRADORA DE BENEFICIOS LTDA,
412490,LÍDER COMÉRCIO E INDÚSTRIA LTDA.,PROGRAMA DE ASSISTÊNCIA MÉDICA LÍDER
418595,LIFE CLASS ADMINISTRADORA DE BENEFICIOS LTDA.,LIFE CLASS
414492,LIFE EMPRESARIAL SAÚDE LTDA.,LIFE EMPRESARIAL SAÚDE
423688,LIFEMED ADMINISTRADORA DE BENEFICIOS LTDA,BRMED
418536,LIKE DENTAL PLANOS ODONTOLÓGICOS SS LTDA,ON DENTAL PLANOS ODONTOLÓGICOS
379280,LIV LINHAS INTELIGENTES DE ATENÇÃO À VIDA S/A,LIV SAÚDE
421685,LIVEN PRESTADORA DE SERVIÇOS LTDA,
422479,LIVRI OPERADORA DE PLANO DE SAÚDE LTDA,LIVRI SAÚDE
418374,LUMINAR SAÚDE - ASSOCIAÇÃO DE ASSISTÊNCIA À SAÚDE,LUMINAR SAÚDE
416835,MACIEL & MACIEL ASSISTÊNCIA ODONTOLÓGICA LTDA,D.VIP+
424447,MAIS DENTAL COMPANY ATIVIDADE ODONTOLOGICA LTDA,MAIS DENTAL
349291,MAIS DENTAL PLANOS ODONTOLOGICOS LTDA,MAIS DENTAL.COM E + DENTAL.COM
423254,MAIS SAUDE ADMINISTRADORA DE BENEFICIOS LTDA,MAIS ADMINISTRADORA
415065,MAIS SAÚDE PLANO DE SAÚDE LTDA,MAIS SAÚDE PLANO DE SAÚDE
419516,MAIS SAUDE S/A,
418048,MAIS VOCE ADMINISTRADORA DE BENEFICIOS LTDA,MAIS VOCE ADMINISTRADORA DE BENEFICIOS
417564,MAPMA ADMINISTRADORA DE BENEFÍCIOS LTDA.,MAPMA
420964,MASTER HEALTH ADMINISTRADORA DE BENEFÍCIOS LTDA,MASTER HEALTH
416495,MATÃO CLINICAS & AMHMA SAÚDE LTDA,HSAÚDE
329967,MATTOS ODONTOLOGIA LTDA,MATTOS ODONTOLOGIA LTDA
424196,MAXIMED PLANOS DE SAUDE LTDA,MAXIMED SAUDE
417696,MAXMED ADMINISTRADORA DE BENEFICIOS LTDA,MAXMED
424064,MB PLANOS DE SAÚDE LTDA,MB PLANOS
423611,MED CARE ADMINISTRADORA DE BENEFICIOS LTDA,
419559,MED CORP SAÚDE CORPORATIVA LTDA - EPP,MED CORP SAÚDE CORPORATIVA
422797,MEDCORP ADMINISTRADORA DE BENEFICIOS LTDA,
419753,MEDGOLD ASSISTENCIA MEDICA LTDA - ME,GOLDMED
421367,MEDHEALTH PLANOS DE SAÚDE LTDA,MEDHEALTH
420859,MEDIATORIE ADMINISTRADORA DE BENEFÍCIOS S/A,MEDIATORIE ADMINISTRADORA
411868,MEDIC GLOBAL PLANOS DE SAÚDE LTDA.,MEDIC GLOBAL PLANOS DE SAÚDE.
424331,MEDICAL LIFE PLANOS DE SAÚDE LTDA,MEDICAL LIFE PLANOS DE SAUDE
333689,MEDISERVICE OPERADORA DE PLANOS DE SAÚDE S.A.,MEDISERVICE
424099,MEDSAUDE ADMINISTRADORA DE PLANOS DE SAUDE LTDA,
328537,MED-TOUR ADMINISTRADORA DE BENEFÍCIOS E EMPREENDIMENTOS LTDA.,MED-TOUR SAUDE
421391,MEGA ADMINISTRADORA DE BENEFÍCIOS LTDA,MEGA ADMINISTRADORA
424307,MERIDIAN ADMINISTRADORA DE BENEFÍCIOS S.A,MERIDIAN ADMINISTRADORA DE BENEFÍCIOS
406481,METLIFE PLANOS ODONTOLÓGICOS LTDA.,
380661,METRUS INSTITUTO DE SEGURIDADE SOCIAL,METRUS INSTITUTO DE SEGURIDADE SOCIAL
412015,MH VIDA - OPERADORA DE PLANOS DE SAÚDE LTDA,MH VIDA - OPERADORA DE PLANOS DE SAÚDE LTDA
416703,MINERAÇÃO CARAÍBA S/A,MINERAÇÃO CARAÍBA
422061,MMS ADMINISTRADORA DE BENEFICIOS LTDA,MMS BENEFICIOS
421677,MOUNT HERMON ADMINISTRADORA DE BENEFÍCIOS LTDA,MOUNT HERMON ADMINISTRADORA
420140,MUITO MAIS SAÚDE ADMINISTRADORA DE BENEFÍCIOS,
351351,MULTI - BUCAL ODONTOLOGIA LTDA - LTDA,MULTI-BUCAL CONVÊNIO ODONTOLÓGICO
418650,MÚTUA DOS MAGISTRADOS DO ESTADO DO RIO DE JANEIRO,MÚTUA DOS MAGISTRADOS
304441,NACIONAL ODONTO OPERADORA DE PLANOS ODONTOLÓGICOS LTDA.,CLIN - PLANO ODONTO DIGITAL
421286,NACIONAL SAUDE ADMINISTRADORA DE BENEFICIOS LTDA,NACIONAL SAÚDE
415057,NEWKLIN ODONTOCLÍNICA LTDA. ME.,NEWKLIN ODONTOCLÍNICA
421146,NEXO - ADMINISTRADORA DE BENEFICIOS LTDA,
305928,NOSAMED ASSISTÊNCIA MÉDICA LTDA.,SAME
372609,NOSSA SAÚDE - OPERADORA PLANOS PRIVADOS DE ASSISTÊNCIA  À SAÚDE LTDA.,NOSSA SAÚDE
348520,NOTRE DAME INTERMÉDICA MINAS GERAIS SAÚDE S.A.,HAPVIDA MINAS GERAIS
359017,NOTRE DAME INTERMÉDICA SAÚDE S.A.,HAPVIDA NOTREDAME SP/RJ
423661,NOVA SAÚDE OPERADORA INTEGRADA DE SAÚDE LTDA,
417840,NOVODENTE S/A,NOVODENTE
352888,NUCLEBRÁS EQUIPAMENTOS PESADOS S/A - NUCLEP,NUCLEP
422754,ODILE SERVIÇOS DE SAÚDE LTDA.,ODILE SAÚDE
421464,ODONTO ALEGRE CLINICAS E PLANOS ODONTOLOGICOS LTDA,ODONTO ALEGRE CLINICAS E PLANOS ODONTOLOGICOS LTDA
310981,ODONTO EMPRESAS CONVENIOS DENTARIOS LTDA.,
312321,ODONTO JARAGUÁ LTDA,ODONTO JARAGUA
406414,ODONTO LIFE ASSISTÊNCIA ODONTOLÓGICA S/A.,ODONTO LIFE
422851,ODONTO MAIS BRASIL OPERADORA DE PLANOS ODONTOLOGICO LTDA,ODONTO MAIS BRASIL OPERADORA DE PLANOS ODONTOLOGICO
422622,ODONTO MAIS SAUDE EMPREENDIMENTOS LTDA.,ODONTOMAIS SAUDE
405671,ODONTO PLUS CONVENIO ODONTOLOGICO SOCIEDADE SIMPLES LTDA,ODONTO PLUS
418994,ODONTO PRIME S/S LTDA,ODONTO PRIME
419281,ODONTO SEG OPERADORA DE PLANOS ODONTOLOGICOS S.A.,ODONTO SEG
414387,ODONTOART PLANOS ODONTOLÓGICOS LTDA,ODONTOART
344486,ODONTOBASE PLANOS DE SAUDE LTDA.,ODONTOBASE
423491,ODONTOBRAS PLANOS ODONTOLOGICOS LTDA,ODONTOBRAS
418111,ODONTOCLINICA RCC LTDA. S/S,
422924,ODONTOCOOP - OPERADORA DE PLANOS DE SAÚDE LTDA,ODONTOCARD
389854,ODONTOGROUP SISTEMA DE SAÚDE LTDA.,ODONTOGROUP
417831,ODONTOLIVE OPERADORA DE PLANOS ODONTOLÓGICOS LTDA.,ODONTO LIVE
419184,ODONTOMAIS SERVIÇOS ODONTOLÓGICOS LTDA - ME,ODONTOMAIS
419583,ODONTOMAXI OPERADORA DE PLANOS ODONTOLÓGICOS LTDA,ODONTOMAXI
422088,ODONT-OPERADORA ODONTOLOGICA LTDA,
423238,ODONTOPLAN PLANOS ODONTOLOGICOS LTDA,
301949,ODONTOPREV S/A,ODONTOPREV
412040,ODONTOREAL LTDA.,ODONTOREALE
416738,OESTE SAÚDE ASSISTÊNCIA A SAÚDE SUPLEMENTAR S.A,OESTE SAÚDE
422185,OLIVA ADMINISTRADORA DE BENEFICIOS LTDA,
424030,OMEGA ODONTO OPERADORA DE PLANOS ODONTOLOGICOS LTDA.,
359661,OMINT SERVIÇOS DE SAÚDE S.A.,OMINT
304212,ON MED ASSISTÊNCIA MÉDICA LTDA,ON MED
407534,ÔNIX OPERADORA DE PLANOS DE SAÚDE LTDA,ÔNIX OPERADORA DE PLANOS DE SAÚDE LTDA
420743,OPERADORA DE PLANOS ODONTOLÓGICOS ODONTOCLÍNICA LTDA,ODONTOCLÍNICA PLANOS ODONTOLÓGICOS
422673,OPERADORA DE PLANOS ODONTOLOGICOS ULTRAODONTO LTDA,ULTRAODONTO
419699,OPERADORA DE PLANOS PRIVADOS DE SAÚDE - SANTA CASA SAÚDE LTDA,SANTA CASA SAÚDE
318477,OPERADORA UNICENTRAL DE PLANOS DE SAÚDE LTDA.,TOTAL MEDCARE
354511,OPERADORA UNIESTE DE PLANOS DE SAÚDE LTDA,SILVESTRE SAÚDE
418226,OPLAN SAÚDE OPERADORA DE PLANO DE SAÚDE LTDA,OPLAN SAÚDE
418200,ORAL BLUE LTDA,ORAL BLUE
418447,ORAL GAM ASSISTENCIA ODONTOLÓGICA LTDA,ORAL GAM ASSISTENCIA ODONTOLÓGICA LTDA
366510,ORAL SAÚDE DE IBITINGA SERVIÇOS ODONTOLÓGICOS S/S LTDA,ORAL SAÚDE DE IBITINGA SERV. ODONTOL. S/S LTDA
412996,ORALE ASSISTÊNCIA ODONTOLÓGICA LTDA,ORALE
420972,ORALPLAN PLANOS DE SAUDE ODONTOLÓGICOS LTDA,ORALPLAN
404772,ORION ODONTOLOGIA LTDA,
416371,ORION PLANOS E SERVIÇOS ODONTOLÓGICOS LTDA,ODONTOMIX
419991,OROS OPERADORA DE PLANOS ODONTOLÓGICOS LTDA ME,OROS OPERADORA DE PLANOS ODONTOLÓGICOS
315265,PARANA ASSISTENCIA MEDICA LTDA,PAM
350141,PARANÁ CLÍNICAS - PLANOS DE SAÚDE S/A,PARANÁ CLÍNICAS
415782,PARRA ODONTOLOGIA LTDA,PARRA ODONTOLOGIA - ATUAL CONVENIO
331988,PASA - PLANO DE ASSISTENCIA A SAUDE DO APOSENTADO DA VALE,PASA
420778,PASSPORT SYSTEM ODONTOLOGIA LTDA,PASSPORT SYSTEM
422584,PB ASSISTENCIA MEDICA EU LTDA,PLANO BRASIL SAUDE
422355,PD BRASIL ASSISTENCIA ODONTOLOGICA LTDA,PRODENTAL BRASIL ASSISTENCIA ODONTOLOGICA
421774,PENTÁGONO ADMINISTRADORA DE BENEFÍCIOS S/A,PENTÁGONO ADMINISTRADORA
421707,PERSONAL CARE OPERADORA DE SAÚDE SA,NORDEN PLANO DE SAÚDE
310239,PESSOAL SAÚDE PLANOS DE ASSISTÊNCIA MÉDICA LTDA,PESSOAL SAÚDE
419486,PLADISA PLANOS DE SAÚDE SA,PLADISA
343463,PLAMED PLANO DE ASSISTENCIA MEDICA LTDA,PLAMED PLANO DE ASSISTENCIA MEDICA LTDA
413551,PLAMEDH - PLANO DE ASSISTÊNCIA MÉDICO-HOSPITALAR LTDA,PLAMEDH
423882,PLAMEDH PLANOS DE SAÚDE LTDA,PLAMEDH PLANOS
324299,PLAMER PLANO MEDICO RESENDE LTDA,PLAMER - PLANO MEDICO RESENDE
424200,PLANO A ADMINISTRADORA DE PLANOS DE SAUDE LTDA,
363391,PLANO ASSISTENCIAL SÃO LUCAS LTDA,SÃO LUCAS SAÚDE
382281,PLANO DE ASSISTÊNCIA MÉDICA MINEIRA LTDA,PLAM
417106,PLANO DE ASSISTÊNCIA ODONTOLÓGICA FAUCHARD LTDA. ME,ODONTO S.A
360244,PLANO DE SAÚDE ANA COSTA LTDA.,PLANO DE SAÚDE ANA COSTA LTDA.
411582,PLANO DE SAUDE ASES LTDA.,ASES
420166,PLANO DE SAÚDE DA SANTA CASA DE BRAGANÇA PAULISTA,SANTA CASA SAÚDE
411256,PLANO HOSPITAL SAMARITANO LTDA,PHS SAMARITANO SAÚDE
415936,PLANO ODONTOLÓGICO DENTALVIDAS LTDA.,DENTALVIDAS
423408,PLANO SIGMA SAÚDE LTDA,
415987,PLANO VIDA SAUDE SERVIÇOS ODONTOLOGICOS LTDA,ORAL SANTA HELENA
416517,PLANODENTE LTDA.,
418986,PLATINUM ADMINISTRADORA DE BENEFICIOS,
420956,PLENA ADMINISTRADORA DE BENEFÍCIOS LTDA - ME,PLENA ADMINISTRADORA DE BENEFÍCIOS
348830,PLENA SAÚDE S.A.,PLENA SAÚDE
403458,PLENODONTO ASSISTÊNCIA ODONTOLÓGICA LTDA.,PLENODONTO
423441,PLENUM ASSISTENCIA MEDICA  LTDA,PLENUM SAUDE
418552,PLURAL GESTÃO EM PLANOS DE SAÚDE LTDA,PLURAL ADMINISTRADORA DE BENEFICIOS
417751,PLURICLUB ADMINISTRADORA DE BENEFÍCIOS LTDA.,PLURICLUB ADMINISTRADORA DE BENEFÍCIOS LTDA.
351270,POLI SAUDE OPERADORA DE PLANO DE SAUDE LTDA,POLI SAUDE OPERADORA DE PLANO DE SAUDE LTDA
415693,POLICLIN SAÚDE S/A.,
316903,POLIMÉDICA SAÚDE SOCIEDADE SIMPLES LTDA,POLIMÉDICA SAÚDE
346870,PORTO ALEGRE CLÍNICAS LTDA. - EM LIQUIDAÇÃO EXTRAJUDICIAL,POA CLIN
415081,PORTO DIAS SAUDE LTDA.,PORTO DIAS SAUDE
582,PORTO SEGURO - SEGURO SAÚDE S/A,PORTO SEGURO SAÚDE
418625,PORTO SEGURO SERVIÇOS ODONTOLÓGICOS LTDA.,PORTO DENTAL
417491,PORTOMED - PORTO SEGURO SERVIÇOS DE SAUDE LTDA,
420280,POSITIVA ADMINISTRADORA DE BENEFICIOS LTDA,POSITIVA ADMINISTRADORA DE BENEFÍCIOS
419133,POSTAL SAÚDE CAIXA DE ASSISTÊNCIA E SAÚDE DOS EMPREGADOS DOS CORREIOS,POSTAL SAÚDE
421413,PP HEALTH ADMINISTRADORA DE BENEFÍCIOS LTDA-ME,PP HEALTH ADMINISTRADORA DE BENEFÍCIOS
422959,PRESERVE SAUDE ASSISTENCIA MEDICA LTDA,PRESERVE
384844,PREST ODONTO LTDA,PREST ODONTO LTDA
413267,PREVENT SENIOR CORPORATE OPERADORA DE SAÚDE LTDA.,
302147,PREVENT SENIOR PRIVATE OPERADORA DE SAÚDE LTDA,PREVENT SENIOR
421804,PREVER ADMINISTRADORA DE BENEFÍCIOS LTDA,PREVER ADMINISTRADORA DE BENEFÍCIOS LTDA
374440,PREVIDENT ASSISTÊNCIA ODONTOLÓGICA S.A,PREVIDENT
403636,PREVINA ODONTOLOGIA LTDA,PREVINA
418307,PREVISÃO ADMINISTRADORA DE BENEFÍCIOS LTDA.,
416525,PRIMA VIDA ODONTOLOGIA DE GRUPO LIMITADA,PRIMA VIDA
310522,PROASA SAÚDE,PROASA SAÚDE
424251,PROLIFE ADMINISTRADORA  DE SAUDE LTDA,
326861,PROMÉDICA - PROTEÇÃO MEDICA A EMPRESAS S.A.,PROMEDICA
417475,PRONTO SOCORRO CONDE DE MOREIRA LIMA,CAS - CONTRATO DE ASSISTÊNCIA À SAÚDE
305626,PRONTOCLINICA E HOSPITAIS SAO LUCAS S/A,PLANO DE SAUDE SAO LUCAS
301728,PRONTOMED PLANOS DE SAÚDE LTDA,PRONTOMED LTDA.
421383,PROPULSÃO PLANOS ODONTOLÓGICOS LTDA,PROPULSÃO PLANOS ODONTOLÓGICOS
424161,PRO-SAUDE JARINU ASSISTENCIA MEDICA SUPLEMENTAR LTDA.,
422533,PROVER ODONTOLOGIA LTDA,PROVER ODONTO
422193,PRUDENTE ADMINISTRADORA DE BENEFICIOS LTDA,
422703,PS ASSISTENCIA LTDA,MEU DENTISTA
423483,P4H GESTAO DE BENEFICIOS LTDA,PEOPLE 4 HEALTH BENEFICIOS
420999,QUALI ADMINISTRADORA DE BENEFÍCIOS S/A,QUALI ADMINISTRADORA DE BENEFÍCIOS
417173,QUALICORP ADMINISTRADORA DE BENEFÍCIOS S.A.,
419290,QUALICORP CLUBE DE SAÚDE ADMINISTRADORA DE BENEFÍCIOS LTDA.,QUALICORP
417131,QUALIDONTO - QUALIDADE EM ODONTOLOGIA LTDA,QUALIDONTO
421243,QUALITY GOLD SAÚDE ADMINISTRADORA DE PLANOS DE SAÚDE LTDA-ME,QUALITY ADMINISTRADORA
418170,QUALLITY PRÓ SAÚDE PLANO DE ASSISTÊNCIA MÉDICA LTDA.,QUALLITY PRÓ SAÚDE
419389,QV BENEFÍCIOS EM SAÚDE LTDA,QV BENEFÍCIOS
418196,RAMED ADMINISTRADORA DE BENEFICIOS LTDA.,RAMED ADMINISTRADORA DE BENEFICIOS LTDA.
418862,RBS PARTICIPAÇÕES S/A,
331317,REAL GRANDEZA - FUNDAÇÃO DE PREVIDÊNCIA E ASSISTÊNCIA SOCIAL,
423513,REAL GRANDEZA SAÚDE,
418773,RENASCER ADMINISTRADORA DE BENEFICIOS LTDA,
418692,RESOLVE ADMINISTRADORA DE BENEFÍCIOS LTDA,RESOLVE ADMINISTRADORA DE BENEFÍCIOS LTDA
422878,RG SAÚDE ADMINISTRADORA DE BENEFICIOS LTDA,RG SAÚDE
417149,RIBERDENTE SERVIÇOS ODONTOLÓGICOS S/S LTDA,
421359,RIO DOCE SAÚDE,RIO DOCE SAÚDE
420271,R.M.I. OPERADORA DE SAÚDE INTEGRADA LTDA,FENIX MEDICAL
415243,RODRIGUES LEIRA ODONTOLOGIA LTDA.,SERMED ODONTO
415821,ROPE ODONTOLOGIA ESPECIALIZADA S/S LTDA.,ROPE
418439,SAFE LIFE ADMINISTRADORA DE BENEFÍCIOS LTDA,
423815,SAGRADA SAÚDE ASSISTÊNCIA MÉDICA LTDA,PLANO SAGRADA SAUDE
419567,SALUPLAN ADMINISTRADORA DE BENEFÍCIOS LTDA,SALUPLAN ADMINISTRADORA DE BENEFÍCIOS LTDA
422746,SALUSMED OPERADORA DE PLANOS DE SAUDE LTDA,
422860,SALUTY ADMINISTRADORA DE BENEFICIOS LTDA,
424421,SALVE SAÚDE ADMINISTRADORA DE BENEFÍCIOS LTDA,SALVE SAÚDE
335614,SAMEDIL SERVIÇOS DE ATENDIMENTO MÉDICO S/A,MEDSENIOR
367095,SAMEL PLANO DE SAÚDE LTDA,SAMEL
415901,SAME-SERVIÇO DE ASSISTÊNCIA MÉDICA EMPRESARIAL LTDA.,SAME
422398,SAMI ASSISTÊNCIA MÉDICA LTDA,
340162,SAMIG - SERV. DE ASSISTENCIA MEDICA DA ILHA DO GOVERNADOR LTDA,SAMIG SAÚDE
343676,SAMOC S.A. - SOCIEDADE ASSISTENCIAL MÉDICA E ODONTO CIRÚRGICA,SAMOC
342033,SAMP ESPIRITO SANTO ASSISTENCIA MEDICA SA,SAMP
408522,SANTA CASA DA MISERICÓRDIA DE SÃO JOÃO DEL REI,SASC SANTA CASA DE SAÚDE COMPLEMENTAR
421197,SANTA CASA DE MAUÁ SAÚDE,SANTA CASA DE MAUÁ SAÚDE
342807,SANTA CASA DE MISERICÓRDIA DE JUIZ DE FORA,SANTA CASA DE MISERICÓRDIA DE JUIZ DE FORA
345091,SANTA CASA DE MISERICORDIA DE SAO JOAQUIM DA BARRA,SANTA CASA DE MISERICORDIA DE SAO JOAQUIM DA BARRA
306045,SANTA CASA DE MISERICÓRDIA DE TUPÃ,PLANO SANTA CASA SAUDE DE TUPÃ
330116,SANTA CASA DE MISERICÓRDIA DE VOTUPORANGA,SANSAÚDE
344915,SANTA CASA DE MISERICÓRDIA E ASILO DOS POBRES DE BATATAIS,SANTA CASA SAÚDE
422762,SANTA CASA DE MISERICÓRDIA E BENEFICÊNCIA PORTUGUESA,
353264,SANTA CASA DE MISERICORDIA HOSPITAL SÃO VICENTE,HOSPITAL SÃO VICENTE
420085,SANTA CASA DE SAÚDE - SCS,SCS
424404,SANTA CRUZ SAÚDE - GESTÃO EM PLANOS DE SAÚDE LTDA,SANTA CRUZ SAÚDE
355097,SANTA HELENA ASSISTÊNCIA MÉDICA S/A.,SANTA HELENA SAÚDE
400190,SANTO ANDRÉ PLANOS DE ASSISTENCIA MÉDICA LTDA.,MEDICAL HEALTH
421758,SANUS ADMINISTRADORA DE BENEFÍCIOS LTDA,SANUS PLANOS ODONTOLÓGICOS
319180,SÃO DOMINGOS SAÚDE- ASSISTÊNCIA MÉDICA  LTDA,SÃO DOMINGOS SAÚDE
403962,SÃO FRANCISCO ASSISTÊNCIA MÉDICA LTDA,HGU SAÚDE
344362,SÃO LUCAS SAÚDE S/A,HAPVIDA NOTREDAME SAO PAULO
421154,SAÚDE BRASIL ASSISTÊNCIA MÉDICA LTDA.,SAÚDE BRASIL
414310,SAÚDE BRB - CAIXA DE ASSISTÊNCIA,SAÚDE BRB
423106,SAUDE INTEGRAL ASSISTENCIA MEDICA LTDA,
409243,SAUDE PAS - MEDICINA E ODONTO,SAUDE PAS
423394,SAÚDE PLENA ADMINISTRADORA DE BENEFÍCIOS LTDA,
424463,SAUDE SALV ASSISTENCIA MEDICA LTDA,SALV SAUDE
414930,SAÚDE SANTA TEREZA LTDA.,
424145,SAUDE VIVA ADMINISTRADORA DE BENEFICIOS LTDA,SAUDE VIVA ADM
423645,SAUDIA ASSISTENCIA MÉDICA LTDA,NEXASAUDE
412058,SBC SAÚDE LTDA.,SBC SAÚDE
421634,SD-M OPERADORA DE PLANOS DE SAUDE LTDA,
358053,SELECT OPERADORA DE PLANO DE SAUDE LTDA,SELECT
414654,SEMPRE ODONTO PLANOS ODONTOLOGICOS LTDA,SEMPRE ODONTO
407224,SEPACO SAÚDE LTDA,SEPACO SAUDE
303739,SERMED-SAÚDE LTDA.,
424188,SERV  SOCIAL AUTÔNOMO DE ASSIST À SAÚDE DOS SERV PÚBLICOS E MILITARES DE GOIÁS,IPASGO SAÚDE
414701,SERVDONTO - PLANO DE ASSISTÊNCIA ODONTOLÓGICA LTDA,SERVDONTO
324710,SERVIÇO DE ASSISTÊNCIA ODONTOLÓGICA SOCIAL LTDA.,SAOS
345474,SERVIÇO FEDERAL DE PROCESSAMENTO DE DADOS (SERPRO),SERPRO
420077,"SERVIÇO SOCIAL DA INDÚSTRIA DO PAPEL, PAPELÃO E CORTIÇA DO ESTADO DE SÃO PAULO - SEPACO",SEPACO
417602,SERVIX ADMINISTRADORA DE BENEFÍCIOS LTDA,SERVIX
424595,SF SAÚDE ASSISTÊNCIA MÉDICA LTDA,SF SAÚDE
423874,SF SAÚDE ODONTOMAIS ASSISTÊNCIA ODONTOLÓGICA LTDA,SF SAÚDE ODONTOMAIS
422371,SF SISTEMAS DE SAÚDE LTDA,
356476,SIM - CAIXA DE ASSISTÊNCIA À SAÚDE,SIM
361011,SINDIFISCO NACIONAL - SINDICATO NACIONAL DOS AUDITORES-FISCAIS DA RECEITA FEDERAL DO BRASIL,SINDIFISCO NACIONAL
344095,SISDENTE - SISTEMA INTEGRADO DE SAÚDE DENTAL LTDA.,SISDENTE
423556,SISO PLANO ODONTOLOGICO LTDA,
403865,SISTEMA INTEGRADO DE SAUDE ORAL LTDA-EPP,PLANIDENTE
333239,SISTEMA PREVSAUDE DENTAL LTDA,PREVTOP
402001,SISTEMA TOTAL DE SAÚDE LTDA.,STSAUDE - SISTEMA TOTAL DE SAUDE
418790,SISTEMA 1 SERVIÇOS DE ASSISTÊNCIA À SAÚDE SUPLEMENTAR,ONEPLAN PLANOS ODONTOLÓGICOS
352586,SISTEMAS E PLANOS DE SAÚDE LTDA.,SISTEMAS
402095,SITO - SISTEMA INTEGRADO DE TRATAMENTO ODONTOLÓGICO LTDA,DENT SYSTEM
420051,SMART CARE SISTEMAS MÉDICOS E ODONTOLÓGICOS LTDA.,SMARTCARE ODONTOLOGIA
423947,SMILES ODONTO LTDA.,
326500,SOBAM CENTRO MÉDICO HOSPITALAR S.A.,SOBAM CENTRO MÉDICO HOSPITALAR S.A.
415898,SOCIEDADE BENECAP DE ASSISTÊNCIA À SAÚDE,BENECAP SAUDE
413721,SOCIEDADE BENEFICENTE DEZOITO DE JULHO,SOCIEDADE BENEFICENTE DEZOITO DE JULHO
411809,SOCIEDADE DE ASSISTÊNCIA MÉDICA - SAMEISA,SAMEISA
413941,SOCIEDADE DE ASSISTÊNCIA ODONTOLOGICA DE GRUPO/RN - DENTAL MED CENTER/RN,DENTAL MED CENTER
413372,SOCIEDADE PORTUGUESA DE BENEFICÊNCIA,SAUDE MAIOR
416410,SOCIODONTO PLANO DE ASSISTÊNCIA ODONTOLÓGICA LTDA,ODONTOPLAN BH
423068,SOLIDUS ADMINISTRADORA DE BENEFICIOS E SOLUCOES EM SAUDE LTDA,SOLIDUS ADMINISTRADORA DE BENEFICIOS
415871,SOLIMEO ASSISTÊNCIA ODONTOLÓGICA LTDA.,SOLIDENTE
422291,SOLUTIONS ADMINISTRADORA DE BENEFICIOS LTDA,SOLUTIONS ADMINISTRADORA
424153,SOMA ADMINISTRADORA DE BENEFICIOS LTDA,SOMA ADMINISTRADORA
403245,SOPREVI SERVIÇO ODONTOLÓGICO PREVENTIVO INTEGRADO LTDA,SOPREVI SAÚDE BUCAL
419524,SORRIDEN CONVÊNIOS ODONTOLÓGICOS S.A.,SORRIDEN
421472,SORRISO STUDIO PLANO DE SAUDE LTDA,SORRISO STUDIO
324493,S.P.A SAUDE- SISTEMA DE PROMOÇÃO ASSISTENCIAL,SISTEMA PAULISTA DE ASSISTÊNCIA SAÚDE
6246,SUL AMERICA COMPANHIA DE SEGURO SAÚDE,
417815,SUL AMÉRICA ODONTOLÓGICO S/A,
477,SUL AMÉRICA SEGURADORA DE SAÚDE S.A.,
416428,SUL AMÉRICA SERVIÇOS DE SAÚDE S.A.,
423718,SUL DO PARÁ LTDA,SUL DO PARÁ
338346,SULMED - ASSISTÊNCIA MÉDICA LTDA,SULMED
421405,SUPERMED ADMINISTRADORA DE BENEFÍCIOS LTDA.,
424498,SUPORTE ADMINISTRADORA DE BENEFICIOS LTDA,
420981,S1 OPERADORA DE PLANO DE SAÚDE LTDA,S1 SAÚDE
421740,TECBEN ADMINISTRADORA DE BENEFICIOS LTDA.,
316849,TELOS - FUNDAÇÃO EMBRATEL DE SEGURIDADE SOCIAL,TELOS - FUNDAÇÃO EMBRATEL DE SEGURIDADE SOCIAL
422771,TEMPO MED PLANO DE SAUDE LTDA,TEMPO MED
412759,TERRAMAR ADMINISTRADORA DE PLANO DE SAUDE LTDA,NORDESTE SAÚDE EMPRESARIAL
416193,TOP DOCTOR'S ODONTOLOGIA LTDA,
417114,TOPDONTO OPERADORA DE PLANO ODONTOLÓGICO LTDA,TOPDONTO
423548,TOTAL ASSISTÊNCIA MÉDICA HOSPITALAR LTDA,AURA SAÚDE
423017,TOTAL SAUDE  ADMINISTRADORA DE BENEFICIOS EIRELI,
422827,TRINO - ALIANCA FILANTRÓPICA DE ASSISTÊNCIA E INTEGRAÇÃO PARA O DESENVOLVIMENTO DA SAUDE,TRINO
412252,TUIUIU ADMINISTRADORES DE PLANO DE SAUDE LTDA,TUIUIU ADM. DE PLANO DE SAUDE LTDA
424609,UNIÃO HOSPITAIS DE PERNAMBUCO LTDA,UNIHOSPE
414581,UNIÃO MÉDICA PLANOS DE SAÚDE S/A,UNIÃO MÉDICA
423131,UNIÃO SAUDE ADMINISTRADORA DE PLANOS DE SAUDE LTDA,
418528,UNIBEN ADMINISTRADORA DE BENEFÍCIOS LTDA,UNIBEN ADMINISTRADORA DE BENEFÍCIOS
424501,UNIC ASSISTENCIA MEDICA LTDA,UNIC ASSISTENCIA MEDICA
421944,ÚNICA ASSISTENCIA MEDICA LTDA,
420107,UNICONSULT - ADMINISTRADORA DE BENEFICIOS E SERVICOS LTDA,
423041,UNICOR ADMINISTRADORA DE BENEFICIOS LTDA,UNICOR BENEFICIOS
401072,UNIDENTAL- COOPERATIVA UNIÃO DOS DENTISTAS DO ESTADO DO CEARÁ,UNIDENTAL
413429,UNIDENTIS ASSISTENCIA ODONTOLOGICA LTDA.,UNIDENTIS ASSISTÊNCIA ODONTOLÓGICA LTDA
404942,UNIFICAÇÃO DOS DENTISTAS DE ITUVERAVA LTDA,SORRISO UNIDENT
385255,UNIHOSP SAÚDE LTDA,UNIHOSP
306398,UNIMED - COOPERATIVA DE SERVIÇOS DE SAÚDE DOS VALES DO TAQUARI E RIO PARDO LTDA.,
354996,UNIMED ALFENAS COOPERATIVA DE TRABALHO MEDICO,UNIMED ALFENAS
324159,UNIMED ALTA MOGIANA COOPERATIVA DE TRABALHO MÉDICO,UNIMED ALTA MOGIANA
343684,UNIMED ALTO DA SERRA - SOCIEDADE COOPERATIVA DE SERVIÇO MÉDICO LTDA.,UNIMED ALTO DA SERRA
352519,UNIMED ALTO JACUÍ/RS - COOPERATIVA DE ASSISTÊNCIA À SAÚDE LTDA,UNIMED ALTO JACUÍ
341819,UNIMED ALTO PARANAIBA COOPERATIVA DE TRABALHO MEDICO,UNIMED ALTO PARANAIBA
348261,UNIMED ALTO SÃO FRANCISCO COOPERATIVA DE TRABALHO MÉDICO,UNIMED ALTO SÃO FRANCISCO
372561,UNIMED ALTO VALE - COOPERATIVA DE TRABALHO MÉDICO,UNIMED ALTO VALE
345598,UNIMED AMPARO COOPERATIVA DE TRABALHO MÉDICO,UNIMED AMPARO
312347,UNIMED ANÁPOLIS COOPERATIVA DE TRABALHO MÉDICO.,UNIMED ANÁPOLIS
348082,UNIMED ANHANGUERA COOPERATIVA DE TRABALHO MÉDICO,UNIMED ANHANGUERA COOPERATIVA DE TRABALHO MÉDICO
358096,UNIMED APUCARANA COOPERATIVA DE TRABALHO MÉDICO,UNIMED APUCARANA
354325,UNIMED ARAGUARI COOPERATIVA DE TRABALHO MÉDICO,UNIMED ARAGUARI
335215,UNIMED ARARUAMA COOPERATIVA DE TRABALHO MÉDICO LTDA,UNIMED ARARUAMA COOPERATIVA DE TRABALHO MÉDICO LTDA.
331651,UNIMED ARAXÁ COOPERATIVA DE TRABALHO MÉDICO LTDA.,UNIMED ARAXÁ
309087,UNIMED BARBACENA - COOPERATIVA DE TRABALHO MÉDICO LTDA,UNIMED BARBACENA
304468,UNIMED BARRA DO GARÇAS - COOPERATIVA DE TRABALHO MÉDICO,UNIMED ARAGUAIA
303976,UNIMED BELÉM COOPERATIVA DE TRABALHO MÉDICO,UNIMED BELÉM
343889,UNIMED BELO HORIZONTE COOPERATIVA DE TRABALHO MÉDICO,UNIMED BH
334561,UNIMED BLUMENAU - COOPERATIVA DE TRABALHO MEDICO,UNIMED BLUMENAU
323357,UNIMED CABO FRIO COOPERATIVA TRABALHO MÉDICO LTDA.,UNIMED CABO FRIO
346951,UNIMED CAÇADOR COOPERATIVA DE TRABALHO MÉDICO DA REGIÃO DO CONTESTADO,UNIMED CAÇADOR
350346,UNIMED CACERES COOPERATIVA DE TRABALHO MÉDICO,UNIMED CÁCERES
344141,UNIMED CAJAZEIRAS - SOCIEDADE COOPERATIVA DE TRABALHO MÉDICO,UNIMED CAJAZEIRAS - COOPERATIVA DE TRABALHO MÉDICO
343765,UNIMED CALDAS NOVAS - COOPERATIVA DE TRABALHO MEDICO,UNIMED DE CALDAS NOVAS
367397,UNIMED CAMPINA GRANDE - COOPERATIVA DE TRABALHO MEDICO LTDA,UNIMED CAMPINA GRANDE
335690,UNIMED CAMPINAS - COOPERATIVA DE TRABALHO MÉDICO,UNIMED CAMPINAS
367613,UNIMED CAMPO BELO- COOPERATIVA DE TRABALHO MÉDICO,UNIMED CAMPO BELO- COOPERATIVA DE TRABALHO MÉDICO
312851,UNIMED CAMPO GRANDE MS COOPERATIVA DE TRABALHO MÉDICO,UNIMED CAMPO GRANDE
347736,UNIMED CARATINGA - COOPERATIVA DE TRABALHO MÉDICO LTDA,UNIMED CARATINGA - COOPERATIVA DE TRABALHO MÉDICO
340952,UNIMED CARUARU-COOPERATIVA DE TRABALHO MEDICO,UNIMED CARUARU
315648,UNIMED CATAGUASES COOPERATIVA DE TRABALHO MÉDICO LTDA,UNIMED CATAGUASES COOPERATIVA DE TRABALHO MÉDICO LTDA
357138,UNIMED CENTRO OESTE PAULISTA - FEDERAÇÃO INTRAFEDERATIVA DAS COOPERATIVAS MÉDICAS,UNIMED CENTRO OESTE PAULISTA - FEDERACAO INTRAFEDERATIVA DAS COO
414573,UNIMED CENTRO PAULISTA - FEDERAÇÃO INTRAFEDERATIVA DAS COOPERATIVAS MÉDICAS,UNIMED CENTRO PAULISTA
347507,UNIMED CENTRO RONDÔNIA COOPERATIVA DE TRABALHO MÉDICO,UNIMED JI PARANÁ
320897,UNIMED CENTRO SUL FLUMINENSE COOPERATIVA DE TRABALHO MÉDICO,UNIMED BARRA DO PIRAÍ
354295,UNIMED CHAPECÓ - COOPERATIVA DE TRABALHO MÉDICO DA REGIÃO OESTE CATARINENSE,UNIMED CHAPECÓ
345709,UNIMED CONSELHEIRO LAFAIETE COOPERATIVA DE TRABALHO MÉDICO LTDA,UNIMED CONSELHEIRO LAFAIETE
324345,UNIMED COSTA DO DESCOBRIMENTO COOPERATIVA DE TRABALHO MÉDICO,UNIMED COSTA DO DESCOBRIMENTO
371106,UNIMED COSTA OESTE - COOPERATIVA DE TRABALHO MÉDICO,UNIMED COSTA OESTE
311146,UNIMED COSTA VERDE RJ,UNIMED COSTA VERDE
342084,UNIMED CUIABA COOPERATIVA DE TRABALHO MÉDICO,UNIMED CUIABÁ
304701,UNIMED CURITIBA - SOCIEDADE COOPERATIVA DE MÉDICOS,UNIMED CURITIBA - SOCIEDADE COOPERATIVA DE MÉDICOS
330108,UNIMED CURVELO COOPERATIVA DE TRABALHO MÉDICO LTDA.,UNIMED GERAIS DE MINAS
311944,UNIMED DE ADAMANTINA-COOPERATIVA DE TRABALHO MÉDICO,UNIMED DE ADAMANTINA
303844,UNIMED DE ANDRADINA - COOPERATIVA DE TRABALHO MÉDICO,UNIMED DE ANDRADINA COOPERATIVA DE TRABALHO MEDICO
369411,UNIMED DE ARACATUBA - COOPERATIVA DE TRABALHO MÉDICO,UNIMED DE ARACATUBA
364312,UNIMED DE ARARAQUARA - COOP. DE TRAB. MÉDICO,UNIMED DE ARARAQUARA
300713,UNIMED DE ASSIS COOPERATIVA DE TRABALHO MÉDICO,UNIMED DE ASSIS
304123,UNIMED DE AVARÉ COOPERATIVA DE TRABALHO MÉDICO,UNIMED DE AVARÉ
330264,UNIMED DE BARRA MANSA SOC. COOP. SERV.MED.E HOSPIT.,UNIMED DE BARRA MANSA
347108,UNIMED DE BARRETOS COOPERATIVA DE TRABALHO MÉDICO,UNIMED DE BARRETOS
313149,UNIMED DE BATATAIS - COOPERATIVA DE TRABALHO MÉDICO,UNIMED DE BATATAIS
369659,UNIMED DE BAURU COOPERATIVA DE TRABALHO MÉDICO,UNIMED BAURU
331341,UNIMED DE BEBEDOURO COOPERATIVA DE TRABALHO MÉDICO,UNIMED DE BEBEDOURO
345776,UNIMED DE BIRIGUI - COOPERATIVA DE TRABALHO MÉDICO,UNIMED DE BIRIGUI
304883,UNIMED DE BOTUCATU COOPERATIVA DE TRABALHO MÉDICO,UNIMED BOTUCATU
348244,UNIMED DE BRUSQUE COOPERATIVA DE TRABALHO MÉDICO,UNIMED DE BRUSQUE COOPERATIVA DE TRABALHO MÉDICO
334154,UNIMED DE CAÇAPAVA - COOPERATIVA DE TRABALHO MEDICO,UNIMED VALE NOVO PAULISTA
352683,UNIMED DE CAMPOS COOPERATIVA DE TRABALHO MÉDICO,UNIMED DE CAMPOS
366340,UNIMED DE CAPIVARI -COOPERATIVA DE TRABALHO MÉDICO,UNIMED DE CAPIVARI
370070,UNIMED DE CASCAVEL COOPERATIVA DE TRABALHO MÉDICO,UNIMED DE CASCAVEL
324566,UNIMED DE CATALÃO COOPERATIVA DE TRABALHO MÉDICO,UNIMED DE CATALÃO
351407,UNIMED DE CATANDUVA - COOPERATIVA DE TRABALHO MÉDICO,UNIMED CATANDUVA
354627,UNIMED DE CIANORTE - COOPERATIVA DE TRABALHO MEDICO,UNIMED DE CIANORTE COOPERATIVA DE TRABALHO MEDICO LTDA
344788,UNIMED DE CORUMBA COOPERATIVA DE TRABALHO MÉDICO,UNIMED DE CORUMBÁ
329339,UNIMED DE CRICIÚMA COOPERATIVA DE TRABALHO MÉDICO DA REGIÃO CARBONÍFERA,UNIMED CRICIÚMA
333662,UNIMED DE DOURADOS COOPERATIVA DE TRABALHO MÉDICO LTDA,UNIMED DE DOURADOS
314781,UNIMED DE DRACENA - COOPERATIVA DE TRABALHO MÉDICO,UNIMED DE DRACENA
317144,UNIMED DE FORTALEZA SOCIEDADE COOPERATIVA MÉDICA LTDA.,UNIMED DE FORTALEZA
355577,UNIMED DE GUARATINGUETA-COOPERATIVA DE TRABALHO MÉDICO,UNIMED DE GUARATINGUETÁ - COOPERATIVA DE TRABALHO MÉDICO
333051,UNIMED DE GUARULHOS COOPERATIVA DE TRABALHO MÉDICO,UNIMED DE GUARULHOS
365238,UNIMED DE IBITINGA COOPERATIVA DE TRABALHO MÉDICO,UNIMED DE IBITINGA
329886,UNIMED DE JABOTICABAL COOP. DE TRABALHO MÉDICO,UNIMED DE JABOTICABAL
334847,UNIMED DE JATAÍ COOPERATIVA DE TRABALHO MÉDICO LTDA.,UNIMED DE JATAÍ
321273,UNIMED DE JOINVILLE COOPERATIVA DE TRABALHO MÉDICO,UNIMED DE JOINVILLE
325031,UNIMED DE LENÇOIS PAULISTA - COOPERATIVA DE TRABALHO MÉDICO,UNIMED DE LENÇOIS PAULISTA
301574,UNIMED DE LIMEIRA COOPERATIVA DE TRABALHO MÉDICO,UNIMED LIMEIRA
354279,UNIMED DE LINS - COOPERATIVA DE TRABALHOS MÉDICOS,UNIMED DE LINS
343269,UNIMED DE LONDRINA COOPERATIVA DE TRABALHO MÉDICO,UNIMED DE LONDRINA
385620,UNIMED DE LORENA COOPERATIVA DE TRABALHO MÉDICO,
302953,UNIMED DE MACAÉ COOPERATIVA DE ASSISTÊNCIA À SAÚDE,UNIMED COSTA DO SOL
311961,UNIMED DE MANAUS COOP. DO TRABALHO MÉDICO LTDA,UNIMED DE MANAUS
336106,UNIMED DE MARILIA COOPERATIVA DE TRABALHO MÉDICO,UNIMED DE MARÍLIA
357715,UNIMED DE MINEIROS COOPERATIVA DE TRABALHO MÉDICO,UNIMED DE MINEIROS
328308,UNIMED DE MOCOCA COOPERATIVA DE TRAB. MÉDICO,UNIMED DE MOCOCA
309524,UNIMED DE MONTE ALTO - COOPERATIVA DE TRABALHO MÉDICO,UNIMED DE MONTE ALTO
311294,UNIMED DE OURINHOS - COOPERATIVA DE TRABALHO MÉDICO,UNIMED DE OURINHOS
361615,UNIMED DE PARANAGUÁ COOPERATIVA DE TRABALHO MÉDICO,UNIMED DE PARANAGUÁ
320862,UNIMED DE PARANAVAÍ COOPERATIVA DE TRABALHO MÉDICO,UNIMED DE PARANAVAÍ
323004,UNIMED DE PENAPOLIS - COOPERATIVA DE TRABALHO MEDICO,UNIMED DE PENAPOLIS COOP TRAB MEDICO
342343,UNIMED DE PINDAMONHANGABA - COOPERATIVA TRABALHO MEDICO,UNIMED PINDAMONHANGABA
315729,UNIMED DE PIRACICABA SOCIEDADE COOPERATIVA DE SERVIÇOS MÉDICOS,UNIMED DE PIRACICABA
314242,UNIMED DE PIRASSUNUNGA COOPERATIVA DE TRABALHO MÉDICO,UNIMED DE PIRASSUNUNGA COOPERATIVA DE TRABALHO MÉDICO
315796,UNIMED DE PRESIDENTE PRUDENTE COOPERATIVA DE TRAB. MÉDICO,UNIMED DE PRESIDENTE PRUDENTE
351776,UNIMED DE REGISTRO COOPERATIVA DE TRABALHO MÉDICO,UNIMED DE REGISTRO
351202,UNIMED DE RIBEIRAO PRETO - COOPERATIVA DE TRABALHO MÉDICO,UNIMED DE RIBEIRAO PRETO
306126,UNIMED DE RIO CLARO SP COOPERATIVA DE TRABALHO MEDICO,UNIMED DE RIO CLARO SP
369292,UNIMED DE SANTA BÁRBARA D'OESTE E AMERICANA - COOP DE TRABALHO MÉDICO,UNIMED DE SANTA BÁRBARA D'OESTE E AMERICANA - COOP DE TRABALHO M
355721,UNIMED DE SANTOS COOP DE TRAB MEDICO,
354619,UNIMED DE SAO JOSÉ DO RIO PARDO-COOP. DE TRAB. MÉDICO,UNIMED DE SAO JOSÉ DO RIO PARDO
318388,UNIMED DE SÃO ROQUE - COOPERATIVA DE TRABALHO MÉDICO,UNIMED SAO ROQUE
303178,UNIMED DE SOBRAL SOCIEDADE COOPERATIVA MÉDICA LTDA,UNIMED DE SOBRAL
361941,UNIMED DE TATUI - COOPERATIVA DE TRABALHO MÉDICO,UNIMED TATUÍ
363286,UNIMED DE TAUBATÉ COOPERATIVA DE TRABALHO MÉDICO,UNIMED DE TAUBATÉ
364860,UNIMED DE TUBARAO - COOPERATIVA DE TRABALHO MEDICO DA REGIAO DA AMUREL,UNIMED DE TUBARAO
365530,UNIMED DE TUPA COOPERATIVA DE TRABALHO MÉDICO,UNIMED DE TUPA
362573,UNIMED DE UBA COOPERATIVA DE TRABALHO MEDICO,UNIMED UBA
364584,UNIMED DE VOLTA REDONDA COOPERATIVA DE TRABALHO MÉDICO,UNIMED DE VOLTA REDONDA COOPERATIVA DE TRABALHO MEDICO
319121,UNIMED DIVINOPOLIS - COOPERATIVA DE TRABALHO MEDICO LTDA,UNIMED DIVINOPOLIS
300870,UNIMED DO BRASIL - CONF. NACIONAL DAS COOPERATIVAS MÉDICAS,UNIMED DO BRASIL
356123,UNIMED DO CARIRI - SOCIEDADE COOPERATIVA MÉDICA LTDA,UNIMED DO CARIRI
321958,UNIMED DO CEARÁ - FEDERAÇÃO DAS SOCIEDADES COOPERATIVAS MÉDICAS DO ESTADO DO CEARÁ LTDA.,UNIMED DO CEARA
312363,UNIMED DO EST. DO RJ FEDERAÇÃO EST. DAS COOPERATIVAS MÉDICAS,UNIMED FERJ
355691,UNIMED DO ESTADO DE SANTA CATARINA FED. EST. DAS COOP. MÉD.,UNIMED SANTA CATARINA
319996,UNIMED DO ESTADO DE SÃO PAULO - FEDERAÇÃO ESTADUAL DAS COOP. MÉDICAS,FEDERAÇÃO DAS UNIMEDS DO ESTADO DE SÃO PAULO
312720,UNIMED DO ESTADO DO PARANÁ FEDERAÇÃO ESTADUAL DAS COOPERATIVAS MÉDICAS,UNIMED PARANÁ
325082,UNIMED DO OESTE DA BAHIA COOPERATIVA DE TRABALHO MÉDICO,UNIMED DO OESTE DA BAHIA
350371,UNIMED DO SUDOESTE COOPERATIVA DE TRABALHO MEDICO LTDA,UNIMED DO SUDOESTE
311715,UNIMED ENCOSTA DA SERRA/RS SOCIEDADE COOPERATIVA DE SERVIÇOS DE SAÚDE LTDA.,UNIMED ENCOSTA DA SERRA
357022,UNIMED ERECHIM - COOPERATIVA DE SERVIÇOS DE SAÚDE LTDA.,UNIMED (RS)  ERECHIM
340251,UNIMED EXTREMO OESTE CATARINENSE COOPERATIVA DE TRABALHO MÉDICO,UNIMED EXTREMO OESTE CATARINENSE
346209,UNIMED EXTREMO SUL COOPERATIVA DE TRABALHO MÉDICO,UNIMED EXTREMO SUL COOPERATIVA DE TRABALHO MÉDICO
328031,UNIMED FEDERAÇAO DO ESTADO DO MATO GROSSO,
351792,UNIMED FOZ DO IGUACU COOPERATIVA TRABALHO MEDICO,UNIMEDFOZ
354783,UNIMED FRANCA - SOCIEDADE COOPERATIVA DE SERVIÇOS MÉDICOS E HOSPITALARES,UNIMED DE FRANCA
336858,UNIMED FRANCISCO BELTRAO COOPERATIVA DE TRABALHO MEDICO,UNIMED FRANCISCO BELTRAO
352179,UNIMED FRONTEIRA NOROESTE/RS - COOPERATIVA DE ASSISTÊNCIA À SAÚDE LTDA.,UNIMED FRONTEIRA NOROESTE/RS
371564,UNIMED FRUTAL COOPERATIVA DE TRABALHO MEDICO LTDA,UNIMED FRUTAL
382876,UNIMED GOIANIA COOPERATIVA DE TRABALHO MÉDICO,UNIMED GOIANIA
386588,UNIMED GOVERNADOR VALADARES COOP. DE TRABALHO MÉDICO LTDA.,UNIMED GV COOP TRABALHO MEDICO LTDA
360449,UNIMED GRANDE FLORIANÓPOLIS-COOPERATIVA DE TRABALHO MEDICO,UNIMED GRANDE FLORIANÓPOLIS
322571,UNIMED GUARAPUAVA COOPERATIVA DE TRABALHO MÉDICO,UNIMED GUARAPUAVA
318035,UNIMED GUAXUPÉ COOPERATIVA DE TRABALHO MEDICO,UNIMED GUAXUPÉ
301124,UNIMED GURUPI COOPERATIVA DE TRABALHO MÉDICO,UNIMED GURUPI
304395,UNIMED INCONFIDENTES COOPERATIVA DE TRABALHO MÉDICO LTDA.,UNIMED INCONFIDENTES
320838,UNIMED INTRAFEDERATIVA FEDERAÇÃO REGIONAL SUL DE MINAS,INTRA SUL DE MINAS
335517,UNIMED ITABIRA COOPERATIVA DE TRABALHO MÉDICO,UNIMED ITABIRA COOPERATIVA DE TRABALHO MEDICO
322831,UNIMED ITAJUBA COOPERATIVA DE TRABALHO MEDICO,UNIMED ITAJUBA COOPERATIVA DE TRABALHO MEDICO
356581,UNIMED ITAÚNA COOPERATIVA DE TRABALHO MÉDICO LTDA.,UNIMED ITAÚNA
301060,UNIMED ITUIUTABA COOPERATIVA TRABALHO MÉDICO LTDA.,UNIMED ITUIUTABA
352314,UNIMED JOÃO MONLEVADE COOPERATIVA DE TRABALHO MÉDICO LTDA.,UNIMED JOÃO MONLEVADE
321044,UNIMED JOAO PESSOA - COOPERATIVA DE TRABALHO MÉDICO,UNIMED JOAO PESSOA
306886,UNIMED JUIZ DE FORA COOPERATIVA DE TRABALHO MÉDICO LTDA,UNIMED JUIZ DE FORA COOPERATIVA DE TRABALHO MEDICO LTDA
303267,UNIMED JUNDIAI - COOPERATIVA DE TRABALHO MÉDICO,UNIMED JUNDIAÍ
345458,UNIMED LAVRAS COOPERATIVA DE TRABALHO MÉDICO,UNIMED LAVRAS
386901,UNIMED LEOPOLDINA COOPERATIVA DE TRABALHO MÉDICO LTDA,UNIMED LEOPLDINA
358088,UNIMED LESTE PAULISTA COOPERATIVA DE TRABALHO MÉDICO,UNIMED LESTE PAULISTA COOPERATIVA DE TRABALHO MÉDICO
303356,UNIMED LITORAL COOPERATIVA DE TRABALHO MÉDICO LTDA,UNIMED LITORAL
300136,UNIMED LITORAL SUL/RS - COOPERATIVA DE ASSISTÊNCIA À SAÚDE LTDA.,UNIMED LITORAL SUL/RS
327689,UNIMED MACEIO COOPERATIVA DE TRABALHO MÉDICO,UNIMED MACEIÓ COOPERATIVA DE TRABALHO MEDICO
354678,UNIMED MACHADO COOPERATIVA DE TRABALHO MEDICO,UNIMED MACHADO
352543,UNIMED MARANHÃO DO SUL - COOPERATIVA DE TRABALHO MÉDICO,UNIMED IMPERATRIZ
321087,UNIMED MARQUES DE VALENÇA COOPERATIVA DE TRABALHO MÉDICO LTDA.,UNIMED MARQUÊS DE VALENÇA
301744,UNIMED MEIO OESTE CATARINENSE COOPERATIVA DE TRABALHO MÉDICO,UNIMED MEIO OESTE - SC
318566,UNIMED METROPOLITANA DO AGRESTE - COOPERATIVA DE TRABALHO MÉDICO,UNIMED METROPOLITANA DO AGRESTE
311618,UNIMED MISSÕES/RS - COOPERATIVA DE ASSISTÊNCIA À SAÚDE LTDA.,UNIMED MISSÕES/RS
304051,UNIMED MONTES CLAROS COOPERATIVA DE  TRABALHO MÉDICO LTDA.,UNIMED NORTE DE MINAS
342157,UNIMED MORRINHOS COOPERATIVA DE TRABALHO MEDICO,UNIMED MORRINHOS
368148,UNIMED MURIAÉ COOPERATIVA DE TRABALHO MEDICO LTDA,UNIMED MURIAÉ COOPERATIVA DE TRABALHO MEDICO LTDA
339679,UNIMED NACIONAL - COOPERATIVA CENTRAL,UNIMED NACIONAL
335592,UNIMED NATAL SOC. COOP. DE TRAB. MÉDICO,UNIMED NATAL SOCIEDADE COOPERATIVA DE TRABALHO MÉDICO
328294,UNIMED NORDESTE PAULISTA - FED. INTRAFEDERATIVA DAS COOP. MÉDICAS,UNIMED NORDESTE PAULISTA FEDERAÇÃO INTRAFED.COOP.MEDICAS
371629,UNIMED NOROESTE CAPIXABA COOPERATIVA DE TRABALHO MÉDICO.,
315494,UNIMED NOROESTE DE MINAS COOPERATIVA DE TRABALHO MEDICO LTDA,UNIMED NOROESTE DE MINAS
365777,UNIMED NOROESTE DO PARANÁ COOP DE TRABALHO MÉDICO .,UNIMED DE UMUARAMA
360414,UNIMED NOROESTE FLUMINENSE - COOPERATIVA DE TRABALHO MÉDICO LTDA,UNIMED NOROESTE FLUMINENSE
357260,UNIMED NOROESTE/RS - SOCIEDADE COOPERATIVA DE ASSISTÊNCIA À SAÚDE LTDA.,UNIMED NOROESTE/RS
371777,UNIMED NORTE CAPIXABA- COOPERATIVA DE TRABALHO MÉDICO,UNIMED NORTE CAPIXABA
353663,UNIMED NORTE DO MATO GROSSO COOPERATIVA DE TRABALHO MÉDICO,UNIMED NORTE DO MATO GROSSO
358282,UNIMED NORTE DO PARANÁ COOPERATIVA REGIONAL DE TRABALHO MÉDICO,UNIMED NORTE DO PARANÁ
312592,UNIMED NORTE FLUMINENSE COOPERATIVA DE TRABALHO MEDICO,UNIMED NORTE FLUMINENSE
323055,UNIMED NORTE PAULISTA - COOPERATIVA DE TRABALHO MÉDICO,UNIMED DE ITUVERAVA
366064,UNIMED NORTE PIONEIRO - COOPERATIVA DE TRABALHO MÉDICO,UNIMED NORTE PIONEIRO - COOPERATIVA DE TRABALHO MÉDICO
324213,UNIMED NORTE/NORDESTE-FEDERAÇÃO INTERFEDERATIVA DAS SOCIEDADES COOPERATIVAS DE TRABALHO MÉDICO EM RECUPERAÇÃO JUDICIAL,UNIMED NORTE/NORDESTE
335479,UNIMED NOVA FRIBURGO-SOC.COOP.SERV.MED.HOSP.LTDA.,UNIMED SERRANA RJ
344397,UNIMED NOVA IGUACU COOPERATIVA DE TRABALHO MEDICO,UNIMED NOVA IGUAÇU
362140,UNIMED OESTE DO PARÁ - COOPERATIVA DE TRABALHO MÉDICO,UNIMED OESTE DO PARA COOP TRABALHO MEDICO
305227,UNIMED OESTE DO PARANA - COOPERATIVA DE TRABALHO MEDICO,
415014,UNIMED OS BANDEIRANTES COOPERATIVA DE TRABALHO MÉDICO,UNIMED OS BANDEIRANTES
309907,UNIMED PALMAS COOPERATIVA DE TRABALHO MÉDICO,UNIMED PALMAS
304344,UNIMED PARÁ DE MINAS COOPERATIVA DE TRABALHO MÉDICO LTDA.,UNIMED CENTRO-OESTE
324523,UNIMED PARAIBA - FEDERAÇAO DAS SOCIEDADES COOPERATIVAS DE TRABALHO MEDICO,UNIMED PARAIBA
370681,UNIMED PATO BRANCO SOCIEDADE COOPERATIVA DE MÉDICOS,UNIMED PATO BRANCO
336467,UNIMED PATOS - COOPERATIVA DE TRABALHO MÉDICO,UNIMED PATOS
353060,UNIMED PATOS DE MINAS COOPERATIVA TRABALHO MÉDICO LTDA.,UNIMED PATOS DE MINAS COOPERATIVA TRABALHO MÉDICO
355593,UNIMED PATROCÍNIO COOPERATIVA DE TRABALHO MÉDICO LTDA.,UNIMED PATROCÍNIO
311375,UNIMED PELOTAS/RS - COOPERATIVA DE ASSISTÊNCIA À SAÚDE LTDA.,UNIMED PELOTAS/RS
323993,UNIMED PETROPOLIS-RJ COOPERATIVA DE TRABALHO MÉDICO,UNIMED PETROPOLIS
362832,UNIMED PLANALTO CENTRAL/RS - COOPERATIVA DE ASSISTÊNCIA  À SAÚDE LTDA.,UNIMED PLANALTO CENTRAL RS
319384,UNIMED PLANALTO MÉDIO/RS - COOPERATIVA DE ASSISTÊNCIA À SAÚDE LTDA.,UNIMED PLANALTO MÉDIO
316148,UNIMED POÇOS DE CALDAS - SOC. COOP. DE TRAB. E SERVIÇOS MÉDICOS,UNIMED POCOS DE CALDAS
349712,UNIMED PONTA GROSSA COOPERATIVA DE TRABALHO MEDICO,UNIMED PONTA GROSSA
353876,UNIMED PONTAL DO TRIÂNGULO - COOPERATIVA DE TRABALHO MÉDICO,UNIMED PONTAL DO TRIÂNGULO
343722,UNIMED PONTE NOVA COOPERATIVA DE TRABALHO MEDICO LTDA,UNIMED PONTE NOVA E REGIÃO
352501,UNIMED PORTO ALEGRE - COOPERATIVA MÉDICA LTDA.,UNIMED PORTO ALEGRE
337374,UNIMED PORTO VELHO - SOCIEDADE COOPERATIVA MÉDICA LTDA,UNIMED PORTO VELHO
344885,UNIMED RECIFE COOPERATIVA DE TRABALHO MÉDICO,UNIMED RECIFE COOPERATIVA DE TRABALHO MÉDICO
350648,UNIMED REGIÃO DA CAMPANHA/RS - COOPERATIVA DE ASSISTÊNCIA À SAÚDE LTDA.,UNIMED REGIÃO DA CAMPANHA/RS
328375,UNIMED REGIÃO DA FRONTEIRA - RS COOPERATIVA DE ASSISTÊNCIA À SAÚDE LTDA.,UNIMED REGIÃO DA FRONTEIRA - RS
353698,UNIMED REGIÃO DA PRODUÇÃO/RS - COOPERATIVA DE ASSISTÊNCIA À SAÚDE LTDA,UNIMED REGIÃO DA PRODUÇÃO/RS
311847,UNIMED REGIONAL DA BAIXA MOGIANA - COOPERATIVA DE TRABALHO MÉDICO,UNIMED BAIXA MOGIANA
306100,UNIMED REGIONAL DE CAMPO MOURÃO COOP TRAB MEDICO,UNIMED REGIONAL DE CAMPO MOURÂO
316458,UNIMED REGIONAL DE FLORIANO - COOPERATIVA DE TRABALHO MÉDICO,UNIMED  FLORIANO
313475,UNIMED REGIONAL DE PICOS - COOPERATIVA DE TRABALHO MÉDICO,UNIMED REGIONAL DE PICOS
342386,UNIMED REGIONAL DE TRES LAGOAS COOPERATIVA DE TRABALHO MÉDICO,UNIMED DE TRÊS LAGOAS
306762,UNIMED REGIONAL JAU - COOPERATIVA DE TRABALHO MÉDICO,UNIMED REGIONAL JAÚ
371254,UNIMED REGIONAL MARINGÁ COOP.DE TRABALHO MÉDICO,UNIMED REGIONAL MARINGÁ COOP.DE TRABALHO MÉDICO
305472,UNIMED REGIONAL SUL GOIAS COOP. DE TRABALHO MÉDICO LTDA,UNIMED REGIONAL SUL/GO
330566,UNIMED RESENDE COOPERATIVA DE TRABALHO MÉDICO,UNIMED RESENDE
337871,UNIMED RIO BRANCO COOPERATIVA DE TRABALHO MEDICO LTDA,UNIMED RIO BRANCO COOPERATIVA DE TRABALHO MEDICO LTDA
320251,UNIMED RIO VERDE COOPERATIVA TRABALHO MEDICO,UNIMED RIO VERDE
359777,UNIMED RONDONOPOLIS COOPERATIVA DE TRABALHO MÉDICO LTDA,UNIMED RONDONÓPOLIS
346276,UNIMED SALTO/ITU - COOPERATIVA MÉDICA,UNIMED SALTO/ITU - COOPERATIVA MÉDICA
319708,UNIMED SANTA MARIA/RS - COOPERATIVA DE ASSISTÊNCIA À SAÚDE LTDA,
354031,UNIMED SÃO CARLOS - COOPERATIVA DE TRABALHO MÉDICO,UNIMED SAO CARLOS
323926,UNIMED SÃO JOÃO DEL REI - COOPERATIVA DE TRABALHO MÉDICO,UNIMED SÃO JOÃO DEL REI COOPERATIVA DE TRABALHO MEDICO
327638,UNIMED SÃO JOÃO NEPOMUCENO COOPERATIVA DE TRABALHO MÉDICO LTDA.,UNIMED SÃO JOÃO NEPOMUCENO
335100,UNIMED SAO JOSÉ DO RIO PRETO - COOP. DE TRABALHO MÉDICO,UNIMED SAO JOSÉ DO RIO PRETO
331872,UNIMED SAO JOSE DOS CAMPOS - COOPERATIVA DE TRABALHO MEDICO,UNIMED SJC
370088,UNIMED SÃO LOURENÇO COOPERATIVA DE TRABALHO MÉDICO,UNIMED CIRCUITO DAS AGUAS
327352,UNIMED SÃO SEBASTIÃO DO PARAÍSO COOPERATIVA DE TRABALHO MÉDICO,UNIMED SÃO SEBASTIÃO DO PARAÍSO
416801,UNIMED SAÚDE E ODONTO S.A,
701,UNIMED SEGUROS SAÚDE S/A,SEGUROS UNIMED
337668,UNIMED SERGIPE - COOPERATIVA DE TRABALHO MÉDICO,UNMED SERGIPE - COOPERATIVA DE TRABALHO MEDICO
325571,UNIMED SERRA GAUCHA/RS COOPERATIVA DE ASSISTENCIA A SAUDE LTDA,UNIMED SERRA GAUCHA
349534,UNIMED SETE LAGOAS COOPERATIVA TRABALHO MÉDICO,UNIMED SETE LAGOAS COOPERATIVA TRABALHO MEDICO
348295,UNIMED SOROCABA COOPERATIVA DE TRABALHO MÉDICO,UNIMED SOROCABA
343153,UNIMED SOUSA - COOPERATIVA DE TRABALHO MÉDICO,UNIMED SOUSA
324175,UNIMED SUDOESTE DE MINAS COOPERATIVA DE TRABALHO MÉDICO,UNIMED SUDOESTE DE MINAS
327468,UNIMED SUDOESTE PAULISTA COOPERATIVA DE TRABALHO MÉDICO,UNIMED SUDOESTE PAULISTA
320706,UNIMED SUL CAPIXABA COOPERATIVA DE TRABALHO MÉDICO,UNIMED SUL CAPIXABA
353027,UNIMED SUL PAULISTA - COOPERATIVA DE TRABALHO MÉDICO,UNIMED SUL PAULISTA
316881,UNIMED TEOFILO OTONI COOPERATIVA DE TRABALHO MÉDICO,UNIMED TRES VALES
353353,UNIMED TERESINA - COOPERATIVA DE TRABALHO MÉDICO,UNIMED TERESINA
359033,UNIMED TRÊS CORAÇÕES COOPERATIVA DE TRABALHO MÉDICO LTDA.,UNIMED TRÊS CORAÇÕES COOPERATIVA DE TRABALHO MÉDICO LTDA.
364070,UNIMED TRÊS PONTAS - COOPERATIVA DE TRABALHO MÉDICO,UNIMED TRÊS PONTAS - COOPERATIVA DE TRABALHO MÉDICO
337498,UNIMED TRÊS RIOS COOPERATIVA DE TRABALHO MÉDICO,UNIMED TRÊS RIOS
354066,UNIMED UBERABA COOPERATIVA DE TRABALHO MEDICO LTDA.,UNIMED UBERABA LTDA.
384577,UNIMED UBERLÂNDIA COOPERATIVA REGIONAL TRABALHO MÉDICO LTDA,UNIMED UBERLÂNDIA
335541,"UNIMED VALE DAS ANTAS, RS - COOPERATIVA DE ASSISTÊNCIA À SAÚDE LTDA.","UNIMED VALE DAS ANTAS, RS - SOC COOP DE SERVIÇOS MÉDICOS LTD"
359289,UNIMED VALE DO AÇO COOPERATIVA DE TRABALHO MÉDICO,UNIMED VALE DO AÇO COOPERATIVA DE TRABALHO MÉDICO
313211,UNIMED VALE DO CAÍ/RS - COOPERATIVA DE ASSISTÊNCIA À SAÚDE LTDA.,UNIMED VALE DO CAÍ
337561,UNIMED VALE DO CARANGOLA COOPERATIVA DE TRABALHO MEDICO LTDA,UNIMED VALE DO CARANGOLA
302228,UNIMED VALE DO CORUMBÁ COOPERATIVA DE TRABALHO MEDICO,UNIMED VALE DO CORUMBA COOPERATIVA DE TRABALHO MEDICO
370975,UNIMED VALE DO JAURU COOPERATIVA DE TRABALHO MÉDICO,UNIMED
334511,UNIMED VALE DO PARAÍBA - FEDERAÇÃO INTRAFEDERATIVA DAS COOPERATIVAS MÉDICAS,UNIMED - INTRAFEDERATIVA DO VALE DO PARAÍBA
308811,UNIMED VALE DO PIQUIRI-COOPERATIVA DE TRABALHO MÉDICO VALE DO PIQUIRI,UNIMED VALE DO PIQUIRI
323268,UNIMED VALE DO SÃO FRANCISCO COOPERATIVA DE TRABALHO MÉDICO,UNIMED VALE DO SÃO FRANCISCO
314099,UNIMED VALE DO SEPOTUBA - COOPERATIVA DE TRABALHO MÉDICO,
356417,UNIMED VALE DO SINOS - COOPERATIVA DE ASSISTÊNCIA À SAÚDE LTDA,UNIMED (RS) VALE DO SINOS
311057,UNIMED VALE DO URUCUIA - COOPERATIVA DE TRABALHO MEDICO LTDA,UNIMED VALE DO URUCUIA
344729,UNIMED VARGINHA COOPERATIVA DE TRABALHO MÉDICO,UNIMED VARGINHA COOPERATIVA DE TRABALHO MÉDICO
317896,UNIMED VERTENTE DO CAPARAÓ - COOPERATIVA DE TRABALHO MÉDICO LTDA,UNIMED VERTENTE DO CAPARAÓ
314587,UNIMED VIÇOSA - COOPERATIVA DE TRABALHO MÉDICO,UNIMED SERRAS DE MINAS
342131,UNIMED VILHENA - COOPERATIVA DE TRABALHO MEDICO LTDA,UNIMED VILHENA
357391,UNIMED VITORIA COOPERATIVA DE TRABALHO MEDICO,UNIMED VITORIA
393321,UNIMED-RIO COOPERATIVA DE TRABALHO MEDICO DO RIO DE JANEIRO,UNIMED RIO COOPERATIVA DE TRABALHO MEDICO DO RJ LTDA
343731,UNIMED-SÃO GONÇALO - NITERÓI - SOC.COOP.SERV.MED E HOSP LTDA,UNIMED LESTE FLUMINENSE
414891,UNIODONTO - COOPERATIVA ODONTOLOGICA DE CARUARU E REGIÃO AGRESTE DO ESTADO DE PERNAMBUCO,UNIODONTO CARUARU
403512,UNIODONTO ARAPIRACA COOPERATIVA DE TRABALHO ODONTOLÓGICO LTDA,UNIODONTO ARAPIRACA
340120,UNIODONTO ATHENAS PAULISTA - COOPERATIVA ODONTOLÓGICA,UNIODONTO DE JABOTICABAL
383929,UNIODONTO BAHIA SUL - COOPERATIVA ODONTOLOGICA DE ILHEUS RESPONSABILIDADE LTDA,UNIODONTO BAHIA SUL
327093,UNIODONTO BEBEDOURO - COOPERATIVA ODONTOLÓGICA,UNIODONTO
368555,UNIODONTO BELÉM - COOPERATIVA DE ASSISTÊNCIA À SAÚDE ODONTOLÓGICA,UNIODONTO
353752,UNIODONTO COOP ODONT VALE TAQUARI E RIO PARDO LTDA,UNIODONTO COOP ODONT VALE TAQUARI E RIO PARDO LTDA
343919,UNIODONTO COOPERATIVA ODONTOLÓGICA DO SERIDÓ LTDA,UNIODONTO DO SERIDÓ
347604,UNIODONTO DE AMERICANA COOPERATIVA ODONTOLÓGICA,UNIODONTO DE AMERICANA COOPERATIVA ODONTOLÓGICA
349283,UNIODONTO DE ARACAJU COOP DE TRABALHO ODONTOLOGICO,UNIODONTO DE ARACAJU COOPERATIVA DE TRABALHO ODONTOLOGICO
362824,UNIODONTO DE ARAÇATUBA COOPERATIVA ODONTOLOGICA,UNIODONTO ARACATUBA
316997,UNIODONTO DE ARARAQUARA COOPERATIVA ODONTOLÓGICA,UNIODONTO DE ARARAQUARA
311669,UNIODONTO DE AVARE COOPERATIVA ODONTOLÓGICA,UNIODONTO DE AVARE
347477,UNIODONTO DE BOTUCATU COOPERATIVA ODONTOLOGICA,UNIODONTO BOTUCATU
347302,UNIODONTO DE CACAPAVA COOPERATIVA ODONTOLOGICA,UNIODONTO
350494,UNIODONTO DE CAMPINAS COOPERATIVA ODONTOLÓGICA,UNIODONTO DE CAMPINAS
347183,UNIODONTO DE CAMPO GRANDE SIST. NAC. COOP. ODONT.,UNIODONTO MATO GROSSO DO SUL
402516,UNIODONTO DE CAMPOS - COOPERATIVA ODONTOLOGICA,UNIODONTO DE CAMPOS COOPERATIVA ODONTOLOGICA
354686,UNIODONTO DE CATANDUVA COOPERATIVA ODONTOLÓGICA,UNIODONTO DE CATANDUVA
400556,UNIODONTO DE FEIRA DE SANTANA - COOPERATIVA DE TRABALHO ODONTOLÓGICO DE FEIRA DE SANTANA RESP LIMITADA,UNIODONTO FEIRA DE SANTANA
301647,UNIODONTO DE FERNANDOPOLIS COOPERATIVA ODONTOLOGICA,
335258,UNIODONTO DE FORTALEZA COOPERATIVA DE TRABALHO ODONTOLOGICO LTDA,UNIODONTO DE FORTALEZA
309257,UNIODONTO DE JALES - COOPERATIVA ODONTOLÓGICA,
361569,UNIODONTO DE JOÃO PESSOA COOPERATIVA ODONTOLÓGICA,UNIODONTO JOAO PESSOA
347795,UNIODONTO DE JUNDIAÍ COOPERATIVA ODONTOLÓGICA,UNIODONTO DE JUNDIAÍ
369462,UNIODONTO DE LIMEIRA COOPERATIVA ODONTOLÓGICA,UNIODONTO DE LIMEIRA
344681,UNIODONTO DE LINS COOPERATIVA ODONTOLOGICA,UNIODONTO DE LINS COOPERATIVA ODONTOLÓGICA
350770,UNIODONTO DE LONDRINA COOP. ODONTOLÓGICA,UNIODONTO DE LONDRINA COOP. ODONTOLÓGICA
311391,UNIODONTO DE MANAUS - COOPERATIVA ODONTOLÓGICA LTDA.,UNIODONTO MANAUS
343404,UNIODONTO DE MATO GROSSO COOP TRAB ODONTOLOGICO LTDA,UNIODONTO MATO GROSSO
336238,UNIODONTO DE MONTE ALTO COOPERATIVA ODONTOLOGICA,UNIODONTO DE MONTE ALTO
331104,UNIODONTO DE PINDAMONHANGABA COOP ODONTOLOGICA,UNIODONTO PINDAMONHANGABA
336017,UNIODONTO DE PRESIDENTE PRUDENTE COOPERATIVA ODONTOLOGICA,UNIODONTO DE PRESIDENTE PRUDENTE COOPERATIVA ODONTOLÓGICA
305740,UNIODONTO DE RECIFE - COOPERATIVA ODONTOLÓGICA,UNIODONTO DE RECIFE - COOPERATIVA ODONTOLÓGICA
403997,UNIODONTO DE RIO BRANCO ACRE COOPERATIVA ODONTOLÓGICA LTDA.,UNIODONTO - AC
349011,UNIODONTO DE RIO CLARO COOPERATIVA ODONTOLOGICA,UNIODONTO DE RIO CLARO
336025,UNIODONTO DE RONDONIA COOPERATIVA LTDA.,UNIODONTO DE RONDÔNIA
310107,UNIODONTO DE SALVADOR - COOPERATIVA DE TRABALHO ODONTOLÓGICO LTDA.,UNIODONTO SALVADOR
378682,UNIODONTO DE SAO JOSE DO RIO PARDO - COOPERATIVA ODONTOLÓGICA,UNIODONTO SÃO JOSÉ DO RIO PARDO
313751,UNIODONTO DE SÃO JOSÉ DOS CAMPOS COOPERATIVA DE TRABALHO ODONTOLÓGICO,UNIODONTO SÃO JOSÉ DOS CAMPOS
342203,UNIODONTO DE SC COOPERATIVA ADMINISTRADORA DE CONTRATOS,UNIODONTO ADMINISTRADORA
373109,UNIODONTO DE SERTAOZINHO SP COOPERATIVA ODONTOLOGICA,UNIODONTO DE SERTAOZINHO
334243,UNIODONTO DE SOROCABA COOPERATIVA ODONTOLÓGICA,UNIODONTO SOROCABA
350290,UNIODONTO DE TAQUARITINGA COOPERATIVA ODONTOLÓGICA,UNIODONTO DE TAQUARITINGA COOPERATIVA ODONTOLÓGICA
359726,UNIODONTO DE TRÊS RIOS - COOPERATIVA DE TRABALHO ODONTOLÓGICA,UNIODONTO TRÊS RIOS
350630,UNIODONTO DE VOTUPORANGA COOPERATIVA ODONTOLOGICA,UNIODONTO DE VOTUPORANGA COOPERATIVA ODONTOLOGICA
314315,UNIODONTO DO BRASIL CENTRAL NACIONAL DAS COOPERATIVAS ODONTÓLOGICAS,UNIODONTO DO BRASIL
358339,UNIODONTO DO SUL GOIANO COOPERATIVA ODONTOLOGICA,UNIODONTO DO SUL GOIANO
313807,UNIODONTO DOURADOS - COOPERATIVA ODONTOLÓGICA,
370711,UNIODONTO ESPIRITO SANTO COOPERATIVA ODONTOLOGICA,UNIODONTO
341894,UNIODONTO FRONTEIRA OESTE/RS COOPERATIVA ODONTOLÓGICA LTDA.,UNIODONTO FRONTEIRA OESTE/RS
358436,UNIODONTO GOIANIA COOPERATIVA DE CIRURGIÕES DENTISTAS,UNIODONTO GOIANIA
343056,UNIODONTO JACAREÍ COOPERATIVA ODONTOLÓGICA,UNIODONTO DE JACAREÍ
321125,UNIODONTO MACEIÓ COOPERATIVA ODONTOLÓGICA,UNIODONTO MACEIO
381144,UNIODONTO MARINGA COOPERATIVA ODONTOLOGICA,UNIODONTO DE MARINGA
382337,UNIODONTO METROPOLITANA COOPERATIVA ODONTOLÓGICA.,UNIODONTO DUQUE DE CAXIAS
303291,UNIODONTO MOSSORÓ - COOPERATIVA DOS CIRURGIÕES DENTISTAS DE MOSSORÓ E REGIÃO OESTE,UNIODONTO MOSSORÓ
419729,UNIODONTO PASSOS - COOPERATIVA ODONTOLÓGICA,UNIODONTO PASSOS
361593,UNIODONTO PAULISTA-FEDERAÇÃO DAS COOPERATIVAS ODONTOLÓGICAS DO ESTADO DE SÃO PAULO,UNIODONTO PAULISTA
402109,UNIODONTO PAULO AFONSO COOPERATIVA DE TRABALHO ODONTOLÓGICO LTDA.,UNIODONTO PAULO AFONSO
346004,UNIODONTO PIRACICABA - COOPERATIVA ODONTOLÓGICA,UNIODONTO DE PIRACICABA
378941,UNIODONTO PIRASSUNUNGA - COOPERATIVA ODONTOLÓGICA,UNIODONTO DE PIRASSUNUNGA
315818,UNIODONTO PONTA GROSSA COOPERATIVA ODONTOLÓGICA,UNIODONTO PONTA GROSSA
366439,UNIODONTO PORTO ALEGRE COOPERATIVA ODONTOLOGICA LTDA,UNIODONTO PORTO ALEGRE COOPERATIVA ODONTOLOGICA LTDA
344451,UNIODONTO REGIONAL COOPERATIVA ODONTOLOGICA,UNIODONTO MINAS
406121,UNIODONTO RESENDE - COOPERATIVA ODONTOLOGICA,UNIODONTO RESENDE COOPERATIVA ODONTOLOGICA
367966,UNIODONTO RIO GRANDE-LITORAL COOPERATIVA ODONTOLOGICA LTDA,
305421,UNIODONTO RS FEDERACAO DAS UNIODONTOS DO RGS LTDA,UNIODONTO/RS
335525,UNIODONTO SÃO CARLOS -  COOPERATIVA ODONTOLÓGICA,UNIODONTO SÃO CARLOS
303259,UNIODONTO SÃO JOSÉ DO RIO PRETO - COOPERATIVA ODONTOLÓGICA,UNIODONTO
327441,UNIODONTO SUDESTE MINEIRO COOPERATIVA DE SAÚDE ODONTOLÓGICA LTDA,UNIODONTO SUDESTE MINEIRO
314871,UNIODONTO SUDOESTE GOIANO - COOPERATIVA DE TRABALHO ODONTOLOGICO,
319350,UNIODONTO TAUBATÉ COOPERATIVA DE TRABALHO ODONTOLOGICO,UNIODONTO TAUBATE
370568,UNIODONTO UBERABA - COOPERATIVA DE ASSISTÊNCIA À SAÚDE ODONTOLÓGICA LTDA,UNIODONTO
382655,UNIODONTO VALE HISTORICO COOPERATIVA ODONTOLOGICA,UNIODONTO VALE HISTORICO COOPERATIVA ODONTOLOGICA
345318,UNIODONTO/RN - COOPERATIVA ODONTOLOGICA DO RIO GRANDE DO NORTE,UNIODONTO/RN
420808,UNION ADMINISTRADORA DE BENEFÍCIOS EM SAÚDE LTDA - EPP,UNION BENEFÍCIOS
421278,UNIPACTUM ADMINISTRADORA DE BENEFÍCIOS LTDA.,
423114,UNITY ADMINISTRADORA DE BENEFÍCIOS LTDA,UNITY ADMINISTRADORA DE BENEFÍCIOS LTDA
423335,UNITY SERVIÇOS INTEGRADOS DE SAÚDE LTDA.,UNITY SAÚDE
413348,UNIVERSAL PLANO ODONTOLOGICO LTDA,
422134,UNIVIDA USA OPERADORA EM SAUDE S/A,UNIVIDA USA OPERADORA EM SAUDE
418137,UNIX SAÚDE S.A,UNIX
422126,UP HEALTH ADMINISTRADORA DE BENEFÍCIOS S/A,
422223,UP SOLUÇÕES EM SAÚDE LTDA,UP SOLUÇÕES EM SAÚDE
419061,USODONTO PLANOS DE SAÚDE LTDA,USODONTO
424048,VALE PLANOS DE SAÚDE LTDA,VALE SAÚDE
345695,VALE S/A,VALE
417301,VALEM ADMINISTRADORA DE BENEFÍCIOS LTDA,VALEM
417581,VALLOR ADMINISTRADORA DE BENEFÍCIOS LTDA,VALLOR BENEFÍCIOS
423751,VALOR SAUDE ADMINISTRADORA DE BENEFICIOS LTDA,
424013,VCT PLANOS DE SAUDE LTDA,
420018,VECTORIAL ADMINISTRADORA DE BENEFÍCIOS LTDA,
424412,VETTOR ADMINISTRADORA DE BENEFICIOS LTDA,VETTOR BENEFÍCIOS
422240,VIDA & SAUDE ADMINISTRADORA DE PLANOS DE SAUDE LTDA,
422835,VIDA TOP MAIS SAÚDE OPERADORA DE PLANOS DE SAÚDE LTDA.,VIDA TOP + SAÚDE
416789,VIDAMAX ADMINISTRADORA DE BENEFÍCIOS LTDA,
344443,VIDAPLAN SAÚDE LTDA.,VIDAPLAN SAUDE
405582,VIP ASSISTENCIA ODONTOLOGICA LTDA.,VIP ODONTO
414905,VITA ASSISTÊNCIA A SAÚDE LTDA.,SABIN SINAI
423831,VITACARE PLANOS DE SAUDE LTDA,VITACARE
423378,VITREA ADMINISTRADORA DE BENEFÍCIOS LTDA,VITREA ADMINISTRADORA
422592,VITTA SAUDE ADMINISTRADORA DE BENEFICIOS LTDA.,VITTA SAUDE ADMINISTRADORA DE BENEFICIOS
361461,VIVACOM PLANOS DE SAÚDE,VIVACOM
414662,VIVENTERIS LTDA,
422657,VIVER BEM ADMINISTRADORA DE BENEFÍCIOS LTDA,VIVER ADMINISTRADORA
424480,VIVER SAUDE LTDA,VIVER SAUDE LTDA
417122,"VOCÊ CLUBE DE BENEFÍCIOS SOCIAIS, SAÚDE E ODONTOLÓGICO LTDA",VOCÊ CLUBE DE BENEFÍCIOS
422487,VOCÊ TOTAL PLANOS DE SAÚDE LIMITADA,VOCÊ TOTAL
414247,VOLVO DO BRASIL VEÍCULOS LTDA.,VOLVO
421049,W. DENTAL PLANOS ODONTOLÓGICOS S.A,W. DENTAL
419231,WIN - ADMINISTRADORA DE BENEFÍCIOS LTDA,WIN SAÚDE
351628,WM ADMINISTRAÇÃO DE PLANOS ODONTOLÓGICOS LTDA.,SHARING PLANOS ODONTOLÓGICOS
421936,WRE BENEFÍCIOS EM SAÚDE  LTDA,
423084,XIPP INTEGRADORA E ADMINISTRADORA DE BENEFICIOS LTDA,XIPP INTEGRADORA
423505,XP ADMINISTRADORA DE BENEFÍCIOS LTDA.,
424111,YELLOW ADMINISTRADORA DE BENEFÍCIOS LTDA,YELLOW
422380,YOU ASSISTÊNCIA MÉDICA LTDA.,YOU SAÚDE
423092,YOU ODONTO LTDA.,YOU ODONTO
424315,ZEUX ADMINISTRADORA DE BENEFICIOS LTDA,
419354,ZURICH SANTANDER BRASIL ODONTO LTDA.,
419761,18 DE JULHO ADMINISTRADORA DE BENEFÍCIOS LTDA,
421545,2B ODONTOLOGIA OPERADORA DE PLANOS ODONTOLÓGICOS LTDA,
421421,2CARE OPERADORA DE SAÚDE LTDA.,
